Date,Close,High,Low,Volume,Argument_Similarity,Sentiment_Variance,Volume_Crowd
2020-01-02,28.68400001525879,28.713333129882812,28.11400032043457,142981500,0.0541807761878402,0.7822222222222225,279.0
2020-01-03,29.534000396728516,30.266666412353516,29.128000259399414,266677500,0.062488379501952504,0.6120119520901786,1356.0
2020-01-06,30.1026668548584,30.104000091552734,29.333332061767578,151995000,0.06540073548253458,0.8274556213017751,328.0
2020-01-07,31.270666122436523,31.441999435424805,30.224000930786133,268231500,0.06565362630145265,0.6083450070389407,1263.0
2020-01-08,32.80933380126953,33.232666015625,31.215333938598633,467164500,0.06753977059350476,0.5793934849517679,3251.0
2020-01-09,32.089332580566406,33.253334045410156,31.524667739868164,426606000,0.06668425987005451,0.5523080153698227,4820.0
2020-01-10,31.876667022705078,32.3293342590332,31.579999923706055,194392500,0.06231474933324766,0.8371455806031523,4409.0
2020-01-13,34.990665435791016,35.04199981689453,32.79999923706055,397764000,0.06292507342725835,0.8888888888888888,292.0
2020-01-14,35.861331939697266,36.49399948120117,34.99333190917969,434943000,0.07208137677836754,0.49089882737323476,4582.0
2020-01-15,34.56666564941406,35.85599899291992,34.452667236328125,260532000,0.0646070642767773,0.6232801691079949,4317.0
2020-01-16,34.232666015625,34.297332763671875,32.81133270263672,326050500,0.05902869221074425,0.8789831789358838,3144.0
2020-01-17,34.03333282470703,34.37799835205078,33.54399871826172,204436500,0.0642449608986207,0.7792804224309895,5132.0
2020-01-21,36.47999954223633,36.571998596191406,35.227333068847656,267052500,0.07404249715655843,0.9035531036611243,664.0
2020-01-22,37.97066879272461,39.633331298828125,37.27333450317383,470535000,0.07100022215639692,0.584248893129202,3290.0
2020-01-23,38.14666748046875,38.79999923706055,37.040000915527344,294765000,0.06819669584686827,0.7041774157432339,5782.0
2020-01-24,37.654666900634766,38.25733184814453,36.95066833496094,215304000,0.060362296037316444,0.8394213452860606,3512.0
2020-01-27,37.201332092285156,37.62933349609375,35.95199966430664,204121500,0.05806362833322016,0.9421567056561447,485.0
2020-01-28,37.793331146240234,38.45399856567383,37.2053337097168,176827500,0.06485848863660498,0.8081132659131469,1910.0
2020-01-29,38.732666015625,39.31999969482422,37.82866668701172,267022500,0.0773999281151418,0.6406626781844266,1366.0
2020-01-30,42.72066879272461,43.391998291015625,41.20000076293945,435085500,0.07064752698770352,0.55487353461265,6936.0
2020-01-31,43.371334075927734,43.53333282470703,42.167999267578125,235789500,0.06674357441660926,0.5173096445682093,5666.0
2020-02-03,52.0,52.409332275390625,44.90133285522461,705975000,0.05842008333901195,0.9091154844290656,534.0
2020-02-04,59.137332916259766,64.59933471679688,55.59199905395508,914082000,0.07484930592538876,0.5667040065404279,9350.0
2020-02-05,48.97999954223633,56.39866638183594,46.94066619873047,726357000,0.07083769229725621,0.6773310020718235,17197.0
2020-02-06,49.930667877197266,53.05533218383789,45.79999923706055,598212000,0.06727070601724719,0.9882445541322881,13832.0
2020-02-07,49.871334075927734,51.31666564941406,48.66666793823242,255952500,0.06614146200678314,0.9673877585103491,10435.0
2020-02-10,51.41866683959961,54.66600036621094,50.15999984741211,370338000,0.05980633138637512,0.842071175577669,816.0
2020-02-11,51.62533187866211,52.23400115966797,50.53333282470703,175462500,0.06572867009837673,0.7607588796552786,5318.0
2020-02-12,51.15266799926758,52.650001525878906,50.891334533691406,180337500,0.06693927442869005,0.7956494676296342,3410.0
2020-02-13,53.599998474121094,54.53333282470703,49.0,394339500,0.06716804042954803,0.9388803701151931,3552.0
2020-02-14,53.33533477783203,54.198001861572266,52.366668701171875,235405500,0.06634393561687378,0.8367379265735613,7389.0
2020-02-18,57.22666549682617,57.33333206176758,55.490665435791016,245725500,0.057462678361049103,0.8272624025277744,775.0
2020-02-19,61.16133117675781,62.98533248901367,60.06800079345703,381345000,0.06914333777672024,0.6513488092173992,3885.0
2020-02-20,59.96066665649414,60.79999923706055,57.3293342590332,264523500,0.0667936697790946,0.5419690836898423,6493.0
2020-02-21,60.06666564941406,60.87066650390625,58.6966667175293,214722000,0.06061523945515899,0.7473225000892048,4776.0
2020-02-24,55.58599853515625,57.56666564941406,54.813331604003906,227883000,0.06426676602309729,0.7226222222222223,609.0
2020-02-25,53.32733154296875,57.106666564941406,52.46666717529297,259357500,0.061007482685958556,0.9825735326229365,3420.0
2020-02-26,51.91999816894531,54.22066879272461,51.740665435791016,211282500,0.06198319943794582,0.9835358105996386,3540.0
2020-02-27,45.266666412353516,49.31800079345703,44.599998474121094,364158000,0.06485408030445941,0.9991399153671432,3345.0
2020-02-28,44.53266525268555,46.03466796875,40.768001556396484,363343500,0.05700299739379118,0.9127371727366881,4572.0
2020-03-02,49.574668884277344,49.5793342590332,45.77799987792969,302925000,0.052012929462324886,0.9978222222222223,688.0
2020-03-03,49.70066833496094,53.798667907714844,47.740665435791016,386760000,0.059171672410059786,0.8660318440861567,3309.0
2020-03-04,49.96666717529297,51.10133361816406,48.31533432006836,225735000,0.05960446090092513,0.9640827054741745,3694.0
2020-03-05,48.30266571044922,49.71666717529297,47.871334075927734,162790500,0.06314934208297741,0.9649229396358577,2836.0
2020-03-06,46.89866638183594,47.133331298828125,45.61800003051758,189943500,0.05463372607534397,0.9983172803261401,2296.0
2020-03-09,40.53333282470703,44.20000076293945,40.33333206176758,256105500,0.05350722122264063,0.8976354561803723,629.0
2020-03-10,43.02199935913086,44.53333282470703,40.53333282470703,233916000,0.05379674105622291,0.9740138552957684,3226.0
2020-03-11,42.28200149536133,43.571998596191406,40.866668701171875,199837500,0.05904826572142446,0.9996911301855382,2196.0
2020-03-12,37.369998931884766,39.633331298828125,36.41666793823242,283636500,0.05986165013870467,0.9694321628433508,2515.0
2020-03-13,36.44133377075195,40.50466537475586,33.46666717529297,339604500,0.054810766315025676,0.8675548186556209,3232.0
2020-03-16,29.67133331298828,32.9913330078125,29.47800064086914,307342500,0.05884718351418189,0.8566311538389461,761.0
2020-03-17,28.68000030517578,31.456666946411133,26.399999618530273,359919000,0.05972917517388188,0.6536804513223954,2954.0
2020-03-18,24.08133316040039,26.99066734313965,23.367332458496094,356793000,0.05787284249613212,0.8121887457721789,3089.0
2020-03-19,28.50933265686035,30.133333206176758,23.8973331451416,452932500,0.05825453687873478,0.7583070362639471,4121.0
2020-03-20,28.50200080871582,31.799999237060547,28.38599967956543,424282500,0.05850350508769227,0.8115576259736899,4468.0
2020-03-23,28.952667236328125,29.46666717529297,27.366666793823242,246817500,0.04930246819442907,0.7021006934327836,973.0
2020-03-24,33.66666793823242,34.24599838256836,31.600000381469727,343428000,0.054620556314276564,0.9003044103824398,2200.0
2020-03-25,35.95000076293945,37.133331298828125,34.07400131225586,318340500,0.05975443558326786,0.986082352402786,2402.0
2020-03-26,35.21066665649414,37.33333206176758,34.150001525878906,260710500,0.0568544652695047,0.9972023768868246,2346.0
2020-03-27,34.29066848754883,35.0533332824707,32.935333251953125,215661000,0.06589550260359646,0.9923437499999999,2380.0
2020-03-30,33.47533416748047,34.44333267211914,32.7486686706543,179971500,0.0565559491404634,0.8119664813219518,449.0
2020-03-31,34.93333435058594,36.19733428955078,33.133331298828125,266572500,0.05814663247186802,0.9996484374999998,1268.0
2020-04-01,32.104000091552734,34.26333236694336,31.67333221435547,200298000,0.06396627586396154,0.9971585872040952,1674.0
2020-04-02,30.29800033569336,32.95066833496094,29.760000228881836,297876000,0.06104332280600757,0.8567865587384739,1781.0
2020-04-03,32.000667572021484,34.36600112915039,31.22599983215332,338431500,0.0654931084864328,0.999341100728667,3726.0
2020-04-06,34.41600036621094,34.733333587646484,33.19733428955078,223527000,0.06064306433399235,0.9940828402366862,396.0
2020-04-07,36.36333465576172,37.66666793823242,35.48933410644531,268797000,0.05748408710351815,0.9493178234945235,1539.0
2020-04-08,36.589332580566406,37.14733123779297,35.55533218383789,189840000,0.0698481464808062,0.9927910288358847,1783.0
2020-04-09,38.20000076293945,38.345333099365234,37.14066696166992,204750000,0.057652816566897615,0.9990385193197524,1977.0
2020-04-13,43.39666748046875,43.46666717529297,38.70199966430664,337131000,0.06602399763477114,0.897116411534354,323.0
2020-04-14,47.32600021362305,49.45866775512695,46.1619987487793,458647500,0.06570600079437244,0.880349611697384,3456.0
2020-04-15,48.65533447265625,50.20866775512695,47.33333206176758,353655000,0.059304277318457985,0.8805836218816908,4847.0
2020-04-16,49.680667877197266,50.630001068115234,47.11466598510742,309868500,0.05757481531997426,0.9995396565281963,4370.0
2020-04-17,50.259334564208984,51.663333892822266,49.84400177001953,196923000,0.06387878188073587,0.9318960270573604,3231.0
2020-04-20,49.75733184814453,51.03799819946289,47.48066711425781,221199000,0.05716830207778912,0.9553659988097601,396.0
2020-04-21,45.781333923339844,50.22200012207031,44.919334411621094,303136500,0.06333279539523932,0.974634681725761,2218.0
2020-04-22,48.807334899902344,48.93333435058594,45.91400146484375,212482500,0.0602934673032304,0.9851775984543607,2274.0
2020-04-23,47.04199981689453,48.93333435058594,46.87533187866211,198550500,0.07050119770238415,0.8703126463922343,2217.0
2020-04-24,48.34333419799805,48.71533203125,46.54533386230469,198180000,0.06707105180395719,0.9903968730313838,1765.0
2020-04-27,53.25,53.29933166503906,49.0,310221000,0.05785459351087605,0.8148999459167116,339.0
2020-04-28,51.27466583251953,53.66666793823242,50.44599914550781,228330000,0.06635205069901552,0.7479438057792391,2521.0
2020-04-29,53.367332458496094,53.54666519165039,52.21066665649414,243240000,0.06359309901304232,0.9224422842096528,2085.0
2020-04-30,52.12533187866211,57.987998962402344,50.900001525878906,427078500,0.06703144690869436,0.688430454112084,6379.0
2020-05-01,46.75466537475586,51.518001556396484,45.5359992980957,487977000,0.05921261185515527,0.9980877158633902,5418.0
2020-05-04,50.74599838256836,50.79999923706055,46.53333282470703,288556500,0.05666684562373996,0.9718152272364001,825.0
2020-05-05,51.2140007019043,53.26133346557617,50.8120002746582,254875500,0.061286536742554444,0.9787457608142968,3585.0
2020-05-06,52.172000885009766,52.6533317565918,50.740665435791016,166848000,0.06312945357724474,0.9118831549264473,2896.0
2020-05-07,52.00266647338867,53.09333419799805,51.4900016784668,172915500,0.06077648409082413,0.8870370689209895,1868.0
2020-05-08,54.62799835205078,54.93333435058594,52.46733474731445,241297500,0.05904334455585155,0.9057455448371565,2169.0
2020-05-11,54.08599853515625,54.93333435058594,52.33333206176758,247794000,0.0583862441832205,0.9815427502839768,877.0
2020-05-12,53.96066665649414,56.21933364868164,53.866668701171875,238603500,0.06094596384533918,0.9043426420866674,2842.0
2020-05-13,52.73066711425781,55.06666564941406,50.88666534423828,285982500,0.06711730632261316,0.8329448978366796,2344.0
2020-05-14,53.55533218383789,53.557334899902344,50.93333435058594,205233000,0.061608723905719726,0.970586392464547,2258.0
2020-05-15,53.27799987792969,53.66999816894531,52.436668395996094,157776000,0.06260474218515844,0.9035399363999579,1744.0
2020-05-18,54.242000579833984,55.64799880981445,53.59199905395508,174987000,0.056911498655599566,0.8035898760330579,339.0
2020-05-19,53.867332458496094,54.80466842651367,53.73866653442383,144547500,0.060301829957271576,0.7923223931065421,1191.0
2020-05-20,54.37066650390625,55.06666564941406,54.119998931884766,109639500,0.053654808222121916,0.7375857681156925,1093.0
2020-05-21,55.17333221435547,55.5,53.06666564941406,183819000,0.06108242552141564,0.6283171868231522,1028.0
2020-05-22,54.45866775512695,55.45199966430664,54.133331298828125,149812500,0.06950516947537907,0.7889631401362764,1463.0
2020-05-26,54.591331481933594,55.63999938964844,54.38066864013672,121345500,0.055783665788746564,0.6628511966701353,242.0
2020-05-27,54.68199920654297,55.180667877197266,52.33333206176758,173242500,0.056884983312961886,0.6731196896679795,901.0
2020-05-28,53.72066879272461,54.983333587646484,53.44599914550781,108834000,0.06204302855027773,0.7861066977323939,1802.0
2020-05-29,55.66666793823242,55.66666793823242,53.61399841308594,176467500,0.05956506929697019,0.8317294463641854,1119.0
2020-06-01,59.87333297729492,59.93333435058594,56.939998626708984,224092500,0.0602984285192498,0.6430605599730526,567.0
2020-06-02,58.770668029785156,60.57733154296875,58.06666564941406,203484000,0.06069493532311193,0.5270792899408284,2392.0
2020-06-03,58.86399841308594,59.862667083740234,58.67333221435547,119242500,0.05627240533558513,0.754201226313943,1758.0
2020-06-04,57.62533187866211,59.71666717529297,57.229331970214844,133315500,0.06536077989613859,0.8245403364050086,1341.0
2020-06-05,59.04399871826172,59.10133361816406,57.746665954589844,117178500,0.057056943823531533,0.8500395453852834,1330.0
2020-06-08,63.327999114990234,63.33333206176758,60.61066818237305,212620500,0.05080978282820598,0.3233610822060354,228.0
2020-06-09,62.711334228515625,63.62933349609375,61.595333099365234,170823000,0.06283428570789808,0.3713493985993057,2142.0
2020-06-10,68.336669921875,68.49866485595703,65.5,278451000,0.05911140404311083,0.6066763897146255,1695.0
2020-06-11,64.85600280761719,67.9306640625,64.80000305175781,238747500,0.06570157655655762,0.5313975206611571,4223.0
2020-06-12,62.35200119018555,65.8653335571289,60.84000015258789,251451000,0.054739062786034146,0.9780813765234351,2761.0
2020-06-15,66.05999755859375,66.5893325805664,60.56666564941406,235458000,0.053320613031909936,0.8510310864881502,437.0
2020-06-16,65.47533416748047,67.52532958984375,64.15933227539062,210766500,0.06111297627022594,0.675243080478283,2123.0
2020-06-17,66.11933135986328,67.0,65.50466918945312,148362000,0.05783355242364244,0.8229085100145508,2039.0
2020-06-18,66.9306640625,67.94667053222656,66.2979965209961,146278500,0.0605536464742213,0.7957044682963216,1570.0
2020-06-19,66.72666931152344,67.73133087158203,66.0893325805664,130195500,0.06708911309704574,0.8044540955345467,1888.0
2020-06-22,66.28800201416016,67.2586669921875,66.00133514404297,95436000,0.06050474694547001,0.8074116246571087,270.0
2020-06-23,66.78533172607422,67.46666717529297,66.267333984375,95479500,0.055347299771571795,0.765479848913867,1029.0
2020-06-24,64.0566635131836,66.72533416748047,63.542667388916016,164394000,0.057197699040207564,0.6927918995252689,1067.0
2020-06-25,65.73200225830078,65.73200225830078,62.47666549682617,138817500,0.05792967381737733,0.9981491044462235,1635.0
2020-06-26,63.982666015625,66.33333587646484,63.65800094604492,132823500,0.05734368894819376,0.9210657596371881,1515.0
2020-06-29,67.29000091552734,67.33333587646484,63.23466873168945,135396000,0.054302736135045646,0.75,313.0
2020-06-30,71.98733520507812,72.51266479492188,66.91533660888672,253777500,0.05604522430218502,0.7171336076817557,1145.0
2020-07-01,74.64199829101562,75.68866729736328,72.03333282470703,199903500,0.06381719876644797,0.6756224005641255,2500.0
2020-07-02,80.57733154296875,81.86666870117188,79.04000091552734,258751500,0.06314585492006984,0.7683564749938578,3049.0
2020-07-06,91.43866729736328,91.85266876220703,84.40266418457031,308548500,0.06818585666846537,0.7650215455328929,579.0
2020-07-07,92.65733337402344,95.30000305175781,89.11399841308594,322345500,0.0643099462088069,0.6979692860059091,5976.0
2020-07-08,91.05867004394531,94.48400115966797,87.42266845703125,244669500,0.05782970598032466,0.9807913451265768,5337.0
2020-07-09,92.9520034790039,93.90399932861328,90.08533477783203,175764000,0.05994841777132138,0.9905624093082369,4433.0
2020-07-10,102.97666931152344,103.2613296508789,91.73400115966797,350064000,0.05923847184689807,0.9591328165299586,2773.0
2020-07-13,99.80400085449219,119.66600036621094,98.0739974975586,584781000,0.055391241623035825,0.7046676479422347,939.0
2020-07-14,101.12000274658203,106.0,95.4000015258789,351271500,0.06495724824633307,0.8967013472197778,10182.0
2020-07-15,103.06732940673828,103.33333587646484,97.13333129882812,245517000,0.0625942610038071,0.8100336267897063,5621.0
2020-07-16,100.04266357421875,102.11399841308594,97.73332977294922,214512000,0.06365402254564459,0.8021984529096557,4040.0
2020-07-17,100.05599975585938,102.50066375732422,99.33333587646484,139950000,0.060772824777360304,0.7418134053972579,3200.0
2020-07-20,109.53333282470703,110.0,99.19999694824219,256821000,0.06409985968027519,0.6230972600544786,676.0
2020-07-21,104.55733489990234,111.66666412353516,103.86666870117188,241608000,0.06642358236377456,0.43557202019596986,3419.0
2020-07-22,106.15533447265625,108.4280014038086,104.13333129882812,212416500,0.058076945045259724,0.6564382201484915,3925.0
2020-07-23,100.87133026123047,112.5999984741211,98.71800231933594,364927500,0.06401026506224551,0.6849355440985797,10936.0
2020-07-24,94.46666717529297,97.66666412353516,91.10266876220703,290949000,0.06255572997049406,0.8687608068004627,6846.0
2020-07-27,102.63999938964844,103.19599914550781,94.19999694824219,240730500,0.06019744464894128,0.8528143665203118,663.0
2020-07-28,98.43267059326172,104.3133316040039,98.29467010498047,237130500,0.061913529412805354,0.615564090368449,2937.0
2020-07-29,99.94066619873047,102.32066345214844,99.13333129882812,141403500,0.06433936565594074,0.7739061060979133,2777.0
2020-07-30,99.16600036621094,100.8826675415039,98.06666564941406,114315000,0.06331787194535551,0.6929400408614999,2191.0
2020-07-31,95.38400268554688,101.13666534423828,94.73200225830078,183123000,0.05434175373592434,0.6463156669060142,1836.0
2020-08-03,99.0,100.65399932861328,96.29199981689453,132139500,0.06520949830731938,0.4466585986977406,688.0
2020-08-04,99.13333129882812,101.82733154296875,97.46666717529297,126225000,0.058409232978477436,0.6367964562743825,1600.0
2020-08-05,99.00133514404297,99.98933410644531,97.88733673095703,74217000,0.0633178048798327,0.806932966023875,1601.0
2020-08-06,99.30533599853516,101.15399932861328,98.48400115966797,89884500,0.056034378880420406,0.6903599986790487,1329.0
2020-08-07,96.84733581542969,99.98332977294922,94.33399963378906,133446000,0.06109474564792353,0.6480896294168342,1391.0
2020-08-10,94.57133483886719,97.16666412353516,92.38933563232422,112834500,0.046020453786869295,0.7284268994247173,276.0
2020-08-11,91.6259994506836,94.66666412353516,91.0,129387000,0.05584570247894661,0.9065616597700273,1532.0
2020-08-12,103.65066528320312,105.66666412353516,95.66666412353516,327441000,0.0636375863603398,0.724084239680347,3671.0
2020-08-13,108.06666564941406,110.07866668701172,104.48400115966797,306379500,0.06131956168336143,0.5383607573954688,5568.0
2020-08-14,110.04733276367188,111.25333404541016,108.44266510009766,188664000,0.08469015056360259,0.257826690346561,5413.0
2020-08-17,122.3759994506836,123.05733489990234,111.52200317382812,303634500,0.05422987323130639,0.29085872576177285,542.0
2020-08-18,125.80599975585938,128.25999450683594,123.00733184814453,247117500,0.06455508462272454,0.41681359493498904,6442.0
2020-08-19,125.23533630371094,127.4000015258789,122.74732971191406,183079500,0.06244701082841352,0.5220473954893862,6433.0
2020-08-20,133.45533752441406,134.79933166503906,123.80400085449219,309177000,0.06168438851715874,0.6631855867346939,4401.0
2020-08-21,136.6653289794922,139.69932556152344,135.00332641601562,322344000,0.07003376852829177,0.46457667310346373,9097.0
2020-08-24,134.27999877929688,141.93333435058594,128.50132751464844,300954000,0.056232553177423594,0.6427272629073664,1019.0
2020-08-25,134.8893280029297,135.19667053222656,131.1999969482422,159883500,0.0626783549228988,0.7235116489232736,6405.0
2020-08-26,143.54466247558594,144.39999389648438,136.90866088867188,213591000,0.062388607135004076,0.6973206905675512,4636.0
2020-08-27,149.25,153.0399932861328,142.8333282470703,355395000,0.061148330726542494,0.38753027134581,4535.0
2020-08-28,147.55999755859375,154.5659942626953,145.76800537109375,301218000,0.06484318383673322,0.49873746621689324,6621.0
2020-08-31,166.10667419433594,166.7133331298828,146.70333862304688,355123200,0.05617261801690945,0.49027430941618366,1530.0
2020-09-01,158.35000610351562,167.49667358398438,156.836669921875,269523300,0.06711744877753162,0.4604865271464704,14483.0
2020-09-02,149.1233367919922,159.67999267578125,135.0399932861328,288528300,0.062433345132483956,0.7195756578038106,15088.0
2020-09-03,135.6666717529297,143.93333435058594,134.0,262788300,0.06502686277623555,0.7848854660047371,12088.0
2020-09-04,139.44000244140625,142.6666717529297,124.00666809082031,330965700,0.06282997969749483,0.9433856558913258,13104.0
2020-09-08,110.06999969482422,122.913330078125,109.95999908447266,346397100,0.07040258382709381,0.6956319470527429,2021.0
2020-09-09,122.09333038330078,123.0,113.836669921875,238397400,0.06278985025000729,0.9709820234288841,14184.0
2020-09-10,123.77999877929688,132.99667358398438,120.1866683959961,254791800,0.06524733731182746,0.6237211661079902,9621.0
2020-09-11,124.23999786376953,127.5,120.16666412353516,182152500,0.0643014034578259,0.6252174300639455,7931.0
2020-09-14,139.8733367919922,140.0,124.43333435058594,249061800,0.05844404096071475,0.6037265107137919,1064.0
2020-09-15,149.9199981689453,153.97999572753906,143.56666564941406,291894600,0.07066824211148642,0.5023329529573952,7038.0
2020-09-16,147.25332641601562,152.59666442871094,145.10333251953125,216837900,0.07043273738245852,0.41816157298556184,8794.0
2020-09-17,141.14332580566406,145.92999267578125,136.0,230337600,0.05754213944194038,0.5422197356298999,6964.0
2020-09-18,147.38333129882812,150.3333282470703,142.93333435058594,259220400,0.06481965810911906,0.5735357980277469,6938.0
2020-09-21,149.79666137695312,151.89332580566406,135.69000244140625,328430400,0.0645596604661456,0.2120457212032304,1431.0
2020-09-22,141.41000366210938,145.9199981689453,139.1999969482422,238742400,0.07112265658996086,0.5036132603847256,12123.0
2020-09-23,126.78666687011719,137.38333129882812,125.2933349609375,285222600,0.07785256807533096,0.6525876885517923,21011.0
2020-09-24,129.26333618164062,133.1666717529297,117.0999984741211,289683300,0.06471914021157214,0.858854726231721,12381.0
2020-09-25,135.77999877929688,136.2433319091797,130.43333435058594,201625500,0.06568401349255742,0.6766174116663066,7481.0
2020-09-28,140.39999389648438,142.69332885742188,138.51666259765625,149158800,0.0554226086223684,0.4429744199881023,702.0
2020-09-29,139.69000244140625,142.8333282470703,137.1999969482422,150657900,0.06540177016836375,0.5083156701045115,2969.0
2020-09-30,143.00332641601562,144.64332580566406,140.1566619873047,144436800,0.06689741384721568,0.48423704532155737,3077.0
2020-10-01,149.3866729736328,149.6266632080078,144.80667114257812,152224500,0.06364055351097807,0.4548443495114909,3079.0
2020-10-02,138.3633270263672,146.3766632080078,138.3333282470703,214290000,0.06591557243927368,0.411595474188829,3813.0
2020-10-05,141.89332580566406,144.54666137695312,139.77667236328125,134168400,0.062428987624783806,0.4809804601688057,815.0
2020-10-06,137.9933319091797,142.92666625976562,135.35000610351562,147438900,0.06637613601111497,0.5241213646372502,2811.0
2020-10-07,141.76666259765625,143.3000030517578,137.9499969482422,129383100,0.059033573101844476,0.5736238795706861,3204.0
2020-10-08,141.97332763671875,146.3333282470703,141.76666259765625,121263300,0.0638356374031303,0.38320998220541963,2955.0
2020-10-09,144.6666717529297,144.8633270263672,142.15333557128906,86777100,0.06301597609164859,0.47415733237323876,2769.0
2020-10-12,147.43333435058594,149.5800018310547,146.19332885742188,116373300,0.05891883985370603,0.4191814318150944,467.0
2020-10-13,148.88333129882812,149.6300048828125,145.53334045410156,103391100,0.06496972028215693,0.31151642450636546,1996.0
2020-10-14,153.76666259765625,155.3000030517578,149.11666870117188,143639100,0.05671770008530806,0.39784347359331607,2000.0
2020-10-15,149.6266632080078,152.19000244140625,147.5,107017200,0.06915329755783758,0.2665515419921191,2951.0
2020-10-16,146.55667114257812,151.98333740234375,146.28334045410156,98327700,0.06202433069062591,0.5611535403823849,2257.0
2020-10-19,143.61000061035156,149.0,142.9566650390625,108863400,0.056906042280018485,0.4794103509053036,488.0
2020-10-20,140.64666748046875,143.9166717529297,139.68333435058594,94968900,0.06392881559014382,0.49766527214423756,2037.0
2020-10-21,140.8800048828125,144.31666564941406,140.4166717529297,97111500,0.06297750040975476,0.5940167593390243,2596.0
2020-10-22,141.92999267578125,148.41000366210938,141.50332641601562,119979600,0.07261111726274037,0.5483049394488752,6572.0
2020-10-23,140.2100067138672,140.9633331298828,135.7933349609375,101151000,0.0642091585240654,0.566758348024335,4183.0
2020-10-26,140.0933380126953,141.9199981689453,136.6666717529297,84717600,0.05681974644574416,0.31841535965386697,390.0
2020-10-27,141.55999755859375,143.5,140.03334045410156,68059500,0.06100387019434146,0.7967246525805086,1820.0
2020-10-28,135.33999633789062,139.53334045410156,135.3333282470703,76354200,0.06273776986431048,0.48571294099407264,1247.0
2020-10-29,136.94332885742188,139.35333251953125,135.48666381835938,67965900,0.06238345245420438,0.7998614958448754,1512.0
2020-10-30,129.34666442871094,135.8633270263672,126.37000274658203,127533900,0.06023967919225801,0.6697388239064251,1478.0
2020-11-02,133.50332641601562,135.66000366210938,130.76666259765625,87063300,0.055815415139391276,0.5862381300219139,443.0
2020-11-03,141.3000030517578,142.58999633789062,135.56333923339844,103055100,0.06071467532625348,0.6454066816494536,1463.0
2020-11-04,140.32666015625,145.13333129882812,139.03334045410156,96429300,0.06898038871444954,0.3095137970963502,1697.0
2020-11-05,146.02999877929688,146.6666717529297,141.3333282470703,85243500,0.061773259548884726,0.3855973880216304,2086.0
2020-11-06,143.31666564941406,145.52333068847656,141.42666625976562,65118000,0.06284540459891112,0.34565296766603104,1521.0
2020-11-09,140.4199981689453,150.8333282470703,140.3333282470703,104499000,0.052287622151997906,0.20405613225682423,478.0
2020-11-10,136.7866668701172,140.02999877929688,132.00999450683594,90852600,0.06003403491134789,0.3721649474646527,1997.0
2020-11-11,139.0433349609375,139.56666564941406,136.86000061035156,52073100,0.060033735694027444,0.5379759604153836,1581.0
2020-11-12,137.25332641601562,141.0,136.5066680908203,59565300,0.06240084409707202,0.4193889763478569,1179.0
2020-11-13,136.1666717529297,137.50999450683594,133.8866729736328,59313300,0.06087824159266541,0.5327406023109903,1396.0
2020-11-16,136.02999877929688,137.48333740234375,134.69667053222656,80515800,0.054632692226914574,0.3370659022365553,424.0
2020-11-17,147.20333862304688,154.0,144.336669921875,183564900,0.07103960921158187,0.2785665517060275,4025.0
2020-11-18,162.2133331298828,165.3333282470703,147.8333282470703,234132000,0.06370299994933513,0.3878420128654152,5742.0
2020-11-19,166.42333984375,169.5366668701172,162.52333068847656,187425900,0.07286508368127059,0.41450331899192916,6026.0
2020-11-20,163.20333862304688,167.5,163.02000427246094,98735700,0.06431673112255235,0.5821745975058825,5237.0
2020-11-23,173.9499969482422,175.3333282470703,167.26333618164062,150780900,0.053078430958578005,0.4207847129767405,457.0
2020-11-24,185.1266632080078,186.663330078125,175.39999389648438,160945500,0.06854740756802936,0.2364315860750589,3002.0
2020-11-25,191.3333282470703,191.3333282470703,181.7899932861328,146790600,0.07092110773181294,0.3543227655463551,4730.0
2020-11-27,195.25332641601562,199.5933380126953,192.81666564941406,112683300,0.05679419388754332,0.4810538846836323,783.0
2020-11-30,189.1999969482422,202.60000610351562,184.836669921875,189009300,0.05227372775303019,0.5465771066387214,727.0
2020-12-01,194.9199981689453,199.28334045410156,190.68333435058594,120310500,0.06908070847432246,0.42891040944101616,4971.0
2020-12-02,189.60667419433594,190.51333618164062,180.40333557128906,143327100,0.057545230662177316,0.5666778197362569,3254.0
2020-12-03,197.7933349609375,199.6566619873047,194.14332580566406,127656000,0.06557318125597755,0.577447705542025,4287.0
2020-12-04,199.67999267578125,199.67999267578125,195.1666717529297,88203900,0.06343153218936609,0.4782114141853157,4240.0
2020-12-07,213.9199981689453,216.26333618164062,201.01666259765625,168929100,0.05481341276416843,0.5704437545653761,543.0
2020-12-08,216.6266632080078,217.0933380126953,206.1666717529297,192795000,0.07211097997832672,0.39252949065936493,5330.0
2020-12-09,201.4933319091797,218.10667419433594,196.0,213873600,0.06631729625998511,0.5809386172886146,7733.0
2020-12-10,209.02333068847656,209.25,188.77999877929688,201249600,0.06612109607890974,0.7813274765949602,6739.0
2020-12-11,203.3300018310547,208.0,198.93333435058594,139425000,0.06720697848634444,0.5779043742734142,7273.0
2020-12-14,213.27667236328125,214.25,203.39999389648438,156121800,0.046029029528131093,0.23768694920258035,860.0
2020-12-15,211.0833282470703,215.63333129882812,207.93333435058594,135214500,0.061828117770229785,0.4456386628761886,3479.0
2020-12-16,207.58999633789062,210.8333282470703,201.6666717529297,126287400,0.06910852140239591,0.5933073971816846,3417.0
2020-12-17,218.63333129882812,219.60667419433594,206.5,168810300,0.061790637047613624,0.4763114080824007,3138.0
2020-12-18,231.6666717529297,231.6666717529297,209.51333618164062,666378600,0.062365450294276314,0.3908847550079306,4384.0
2020-12-21,216.6199951171875,222.8333282470703,215.35667419433594,174135900,0.057863458604040574,0.5335615912208507,1192.0
2020-12-22,213.44667053222656,216.6266632080078,204.7433319091797,155148000,0.06282404879321381,0.7220694361119318,5497.0
2020-12-23,215.32666015625,217.1666717529297,207.52333068847656,99519000,0.06728867280695003,0.7782434560259655,5164.0
2020-12-24,220.58999633789062,222.02999877929688,213.6666717529297,68596800,0.07274463828344217,0.6872540362252221,3382.0
2020-12-28,221.22999572753906,227.13333129882812,220.26666259765625,96835800,0.05356234215955019,0.42682227212378493,503.0
2020-12-29,221.99667358398438,223.3000030517578,218.3333282470703,68732400,0.06317014323613636,0.6996922752645761,2119.0
2020-12-30,231.5933380126953,232.1999969482422,222.7866668701172,128538000,0.06295505595041341,0.793060670025273,1793.0
2020-12-31,235.22332763671875,239.57333374023438,230.3733367919922,148949700,0.07043352155392357,0.5475076423419953,3652.0
2021-01-04,243.2566680908203,248.163330078125,239.06333923339844,145914600,0.054998445853942673,0.8189504036092411,1256.0
2021-01-05,245.0366668701172,246.94667053222656,239.73333740234375,96735600,0.06650574166038418,0.7437080064471548,3769.0
2021-01-06,251.9933319091797,258.0,249.6999969482422,134100000,0.06471792957506985,0.777783220958765,4180.0
2021-01-07,272.0133361816406,272.3299865722656,258.3999938964844,154496700,0.054409940462708084,0.7029137446799414,5068.0
2021-01-08,293.3399963378906,294.8299865722656,279.46331787109375,225166500,0.06395103106034149,0.6762470195002368,7780.0
2021-01-11,270.39666748046875,284.80999755859375,267.8733215332031,177904800,0.05603401828129072,0.8179065101070153,1735.0
2021-01-12,283.14666748046875,289.3333435058594,275.7799987792969,138812100,0.057318887085843276,0.8595571793048717,7714.0
2021-01-13,284.8033447265625,286.8233337402344,277.3333435058594,99937500,0.06877845608776027,0.6765101653507969,5179.0
2021-01-14,281.6666564941406,287.6666564941406,279.5833435058594,93798900,0.06977096901653519,0.7073231455791898,4238.0
2021-01-15,275.38665771484375,286.6333312988281,273.0333251953125,116332800,0.06038491792627069,0.7122003975420272,3828.0
2021-01-19,281.51666259765625,283.3333435058594,277.6666564941406,76101000,0.06968711813513546,0.512852977925864,874.0
2021-01-20,283.48333740234375,286.5,279.09332275390625,76997700,0.06230806381592968,0.6429916767839436,2363.0
2021-01-21,281.663330078125,285.239990234375,280.47332763671875,61563300,0.06480290591482325,0.564925467639669,2647.0
2021-01-22,282.21331787109375,282.6666564941406,276.2066650390625,60199500,0.059715353796367346,0.7115912208504802,2329.0
2021-01-25,293.6000061035156,300.1333312988281,279.6066589355469,123520200,0.05565694877582278,0.3134693877551021,791.0
2021-01-26,294.36334228515625,298.6333312988281,290.5333251953125,69394800,0.06268904788596179,0.4003152552409824,3458.0
2021-01-27,288.0533447265625,297.1666564941406,286.2200012207031,82002000,0.05935022097203799,0.4160252214486247,3020.0
2021-01-28,278.4766540527344,282.6666564941406,267.0,79134000,0.06198254265076486,0.5981219836199676,4660.0
2021-01-29,264.510009765625,280.8033447265625,260.0333251953125,104972400,0.060177190611170654,0.645674029742245,4068.0
2021-02-01,279.9366760253906,280.6666564941406,265.1866760253906,76174200,0.05543212366041641,0.6148819801284108,1081.0
2021-02-02,290.92999267578125,293.5,280.73333740234375,73038600,0.061490572359624594,0.4047181123182008,3147.0
2021-02-03,284.89666748046875,292.6933288574219,284.35333251953125,55030500,0.06140575890427623,0.4006243496357961,2946.0
2021-02-04,283.3299865722656,285.5,277.8066711425781,47438100,0.056710798333405726,0.5492110533217711,2578.0
2021-02-05,284.07666015625,288.25665283203125,279.65667724609375,55699800,0.060265108964206636,0.5534293934699297,2410.0
2021-02-08,287.8066711425781,292.5899963378906,284.9166564941406,60485100,0.0573616296701458,0.32203051930667975,723.0
2021-02-09,283.1533203125,286.6000061035156,280.5833435058594,45473100,0.06111607355019355,0.46498775482177734,3562.0
2021-02-10,268.2733459472656,281.6066589355469,266.67333984375,108648300,0.05907170378591897,0.7376851077313904,2838.0
2021-02-11,270.5533447265625,276.6266784667969,267.24334716796875,64868400,0.06033849223354041,0.7448325756104655,4514.0
2021-02-12,272.0400085449219,272.4433288574219,261.77667236328125,71304900,0.05771435498216449,0.7600391279124787,3305.0
2021-02-16,265.40667724609375,273.6666564941406,264.14666748046875,59406900,0.060560638362243395,0.5215105432754819,864.0
2021-02-17,266.04998779296875,266.61334228515625,254.00332641601562,77989500,0.06085098559251802,0.8487960740707295,3178.0
2021-02-18,262.4599914550781,264.89666748046875,258.75665283203125,53871300,0.06611400401173839,0.69582188313715,4751.0
2021-02-19,260.4333190917969,265.5966796875,259.1233215332031,56874900,0.06599189620673707,0.7627367325702392,3150.0
2021-02-22,238.1666717529297,256.1666564941406,236.73333740234375,111809100,0.056911490614974025,0.39432444842494807,820.0
2021-02-23,232.94667053222656,237.8699951171875,206.3333282470703,199820700,0.06217358385513644,0.9185561015463818,6589.0
2021-02-24,247.33999633789062,248.3333282470703,231.38999938964844,110301000,0.06302751041889303,0.8684418944273841,9952.0
2021-02-25,227.4066619873047,245.73666381835938,223.52667236328125,117071700,0.0625536500615054,0.6415806680871083,5048.0
2021-02-26,225.1666717529297,235.56666564941406,219.836669921875,123267600,0.058669651016295864,0.9545273602458455,4972.0
2021-03-01,239.47666931152344,239.6666717529297,228.35000610351562,81408600,0.06086984614112272,0.8708286951787467,985.0
2021-03-02,228.81333923339844,240.3699951171875,228.3333282470703,71196600,0.06583349477660093,0.5097667684773806,3028.0
2021-03-03,217.73333740234375,233.56666564941406,217.23666381835938,90624000,0.0666317797855951,0.8107256272968553,2866.0
2021-03-04,207.14666748046875,222.81666564941406,200.0,197758500,0.0628699568773925,0.9314554429873935,4150.0
2021-03-05,199.31666564941406,209.27999877929688,179.8300018310547,268189500,0.06166789843234009,0.9500740261435316,7089.0
2021-03-08,187.6666717529297,206.7100067138672,186.26333618164062,155361000,0.05022440719634086,0.8730939900395345,1059.0
2021-03-09,224.52667236328125,226.02999877929688,198.40333557128906,202569900,0.06324854975911601,0.9873676603245983,6574.0
2021-03-10,222.68666076660156,239.28334045410156,218.35333251953125,181817100,0.0688910653406499,0.5961978809401198,9008.0
2021-03-11,233.1999969482422,234.1666717529297,225.72666931152344,108761700,0.067302929080483,0.7463121065290966,6233.0
2021-03-12,231.2433319091797,231.6266632080078,222.04666137695312,100751400,0.069524240673901,0.6518267042166582,4792.0
2021-03-15,235.97999572753906,237.72666931152344,228.01333618164062,88006800,0.05573067532403863,0.41827061189313425,617.0
2021-03-16,225.6266632080078,235.97332763671875,223.6666717529297,96587100,0.06641356054476144,0.5488106955763191,2443.0
2021-03-17,233.93666076660156,234.57666015625,217.00332641601562,121117500,0.06263404914915638,0.8533694598923232,2775.0
2021-03-18,217.72000122070312,229.7433319091797,217.3333282470703,99674400,0.06898407682506999,0.7339797329658725,3968.0
2021-03-19,218.2899932861328,219.07666015625,208.2066650390625,128682000,0.061283887444069776,0.9366196813442913,3622.0
2021-03-22,223.3333282470703,233.2066650390625,222.9166717529297,118536600,0.05526037127259472,0.7169903297849426,1016.0
2021-03-23,220.72000122070312,225.93333435058594,219.1699981689453,91475700,0.06235564229303873,0.7596228882867809,4046.0
2021-03-24,210.08999633789062,222.67333984375,210.0366668701172,101385600,0.057710718373776275,0.8936046731483047,2952.0
2021-03-25,213.4633331298828,215.1666717529297,203.1666717529297,117674700,0.0604997704965452,0.8634944016120227,3919.0
2021-03-26,206.23666381835938,214.60667419433594,199.9633331298828,101558400,0.06007214116469962,0.8867198602847849,3927.0
2021-03-29,203.76333618164062,205.4933319091797,198.67333984375,85911000,0.05594467278641152,0.8261711264629867,590.0
2021-03-30,211.8733367919922,212.55332946777344,197.00332641601562,118297200,0.058929820969899994,0.8330232656067456,3138.0
2021-03-31,222.64332580566406,224.0,213.70333862304688,100011900,0.06893729117839434,0.6892285477775724,4069.0
2021-04-01,220.5833282470703,230.80667114257812,219.80667114257812,105895200,0.06766163186715571,0.4257096331861478,3872.0
2021-04-05,230.35000610351562,236.05332946777344,228.23333740234375,125528400,0.056515289397220454,0.45634861644970165,846.0
2021-04-06,230.5399932861328,232.18333435058594,227.1233367919922,84815400,0.07095313413258442,0.4983510753192576,4891.0
2021-04-07,223.6566619873047,230.4600067138672,222.6133270263672,78928200,0.0684945122763609,0.6859074990943121,2919.0
2021-04-08,227.93333435058594,229.85000610351562,223.88333129882812,71772900,0.060499635601681034,0.8714845140619439,2726.0
2021-04-09,225.67333984375,226.99000549316406,223.14332580566406,64311300,0.0633176159067659,0.7064574566994796,2333.0
2021-04-12,233.9933319091797,234.93333435058594,227.3633270263672,87407100,0.0490209361530865,0.5717452422145328,505.0
2021-04-13,254.10667419433594,254.3333282470703,236.8866729736328,133958400,0.06771431036260214,0.5494682527802481,2788.0
2021-04-14,244.07666015625,260.2633361816406,242.67666625976562,147052200,0.07452864799655759,0.30320190720199475,4817.0
2021-04-15,246.28334045410156,247.89666748046875,240.43666076660156,83546700,0.06585013467972003,0.6043184183142559,4426.0
2021-04-16,246.5933380126953,249.80332946777344,241.53334045410156,83938500,0.05954103359056728,0.7564664336977582,3503.0
2021-04-19,238.2100067138672,241.8000030517578,230.60000610351562,119058600,0.056540953463800454,0.9324,939.0
2021-04-20,239.663330078125,245.75,236.89666748046875,106827000,0.06343382354951137,0.7617630385487528,4730.0
2021-04-21,248.0399932861328,248.27999877929688,232.6666717529297,93646500,0.06187960788413729,0.8022712553165265,3312.0
2021-04-22,239.89666748046875,251.2566680908203,239.34666442871094,106770900,0.06570059532177895,0.5107731754219956,2982.0
2021-04-23,243.13333129882812,245.7866668701172,238.48666381835938,85110000,0.06286998413528629,0.6714301105664866,4047.0
2021-04-26,246.06666564941406,249.76666259765625,244.20333862304688,93115500,0.06106356091979285,0.5445820316910683,614.0
2021-04-27,234.913330078125,241.3333282470703,234.4499969482422,88311000,0.07587078027087983,0.642655532862532,7676.0
2021-04-28,231.46665954589844,236.1666717529297,231.1999969482422,66813000,0.06964377059469068,0.7679849659110773,4781.0
2021-04-29,225.6666717529297,234.0833282470703,222.8333282470703,86536200,0.07089487306073462,0.7184147675976095,3388.0
2021-04-30,236.47999572753906,238.49000549316406,222.04666137695312,122276100,0.0648068818046259,0.821813280061991,4059.0
2021-05-03,228.3000030517578,235.3333282470703,226.8333282470703,81129300,0.06303133448139608,0.812316311048393,572.0
2021-05-04,224.53334045410156,227.81666564941406,219.23333740234375,89217900,0.06261251595265414,0.8492871551008113,2470.0
2021-05-05,223.64666748046875,228.43333435058594,222.44667053222656,65705700,0.0636876442854718,0.8558945338334893,2893.0
2021-05-06,221.17999267578125,227.0066680908203,216.6666717529297,83353800,0.06578523152799777,0.7390921794938149,2308.0
2021-05-07,224.1233367919922,230.0,220.07333374023438,70407600,0.06431821817674595,0.8907177524109051,3171.0
2021-05-10,209.67999267578125,221.68333435058594,209.20333862304688,94177200,0.06407907159088835,0.8363149000640989,1016.0
2021-05-11,205.73333740234375,209.03334045410156,198.53334045410156,139511700,0.06538277497650377,0.9393817678286714,3503.0
2021-05-12,196.6300048828125,206.80332946777344,195.58999633789062,101470800,0.06212616088265922,0.7495019514691926,4935.0
2021-05-13,190.56333923339844,202.15333557128906,186.5500030517578,132554700,0.06254661991295277,0.9850018436220381,4539.0
2021-05-14,196.5800018310547,197.6233367919922,190.15333557128906,100112700,0.06446731115883497,0.9872633976803034,10460.0
2021-05-17,192.27667236328125,196.57666015625,187.06666564941406,97171200,0.06634297476790983,0.9930555555555554,1501.0
2021-05-18,192.6233367919922,198.75,187.7933349609375,110491800,0.058807260221076296,0.9940240485520208,8547.0
2021-05-19,187.82000732421875,188.73666381835938,182.32666015625,118735200,0.06956053760324513,0.9232496856721837,6575.0
2021-05-20,195.5933380126953,196.28334045410156,190.35667419433594,92463300,0.06426500827690543,0.9992564922527266,5877.0
2021-05-21,193.6266632080078,198.89332580566406,193.3333282470703,78091800,0.06398972956833555,0.7162700874994302,3932.0
2021-05-24,202.14666748046875,204.82666015625,191.21665954589844,103674300,0.05930167178399882,0.9958145557791588,1005.0
2021-05-25,201.56333923339844,204.663330078125,198.57000732421875,84017700,0.06645152370880089,0.6119127309356472,3531.0
2021-05-26,206.3766632080078,208.72332763671875,200.5,85917900,0.06825770909014636,0.7178719544946245,2362.0
2021-05-27,210.28334045410156,210.3766632080078,205.40333557128906,79111800,0.06268620760919234,0.5984148101298399,2828.0
2021-05-28,208.4066619873047,211.8633270263672,207.4600067138672,68211000,0.06694048741440627,0.45334942439708903,2682.0
2021-06-01,207.96665954589844,211.26666259765625,206.85000610351562,54254700,0.061765144006339145,0.5058327614939712,390.0
2021-06-02,201.7066650390625,207.7866668701172,199.7133331298828,69908400,0.06307824237368641,0.5328254486503645,1593.0
2021-06-03,190.94667053222656,201.51666259765625,190.4066619873047,90335700,0.06356605243303698,0.8299840833435362,2333.0
2021-06-04,199.68333435058594,200.20333862304688,192.39999389648438,72110700,0.0664869349521412,0.9320173440319682,4110.0
2021-06-07,201.7100067138672,203.3333282470703,194.2933349609375,67631100,0.06752129210121369,0.8435358024691361,857.0
2021-06-08,201.19667053222656,207.69667053222656,198.5,78160200,0.07194923671236204,0.7318348015411473,2824.0
2021-06-09,199.5933380126953,203.92999267578125,199.2100067138672,49753800,0.06986735793412382,0.677221175818571,3240.0
2021-06-10,203.3733367919922,205.52999877929688,200.1666717529297,71758800,0.061754023150523016,0.6304409709642358,1949.0
2021-06-11,203.29666137695312,204.18666076660156,200.5066680908203,48615900,0.06452944938817137,0.45189663862936535,2169.0
2021-06-14,205.89666748046875,208.49667358398438,203.05999755859375,61272000,0.05493300400675789,0.43946163756475976,400.0
2021-06-15,199.7866668701172,205.59666442871094,199.41000366210938,53292300,0.06506006433318037,0.5892291971805468,1624.0
2021-06-16,201.6233367919922,202.8333282470703,197.8333282470703,66432300,0.06472511150329971,0.7442560620421859,1768.0
2021-06-17,205.53334045410156,207.1566619873047,200.44667053222656,68104200,0.0638534820405863,0.5857322314049587,1908.0
2021-06-18,207.77000427246094,209.4499969482422,203.93333435058594,73682700,0.061090950400939224,0.47543560702321314,1777.0
2021-06-21,206.94332885742188,210.4633331298828,202.9600067138672,74438100,0.05787307837801727,0.5137764791818846,336.0
2021-06-22,207.90333557128906,209.52333068847656,205.1666717529297,57476700,0.0593512688052026,0.6116018363191776,1854.0
2021-06-23,218.85667419433594,219.06666564941406,210.01333618164062,93297600,0.05877095601446857,0.6148289398735527,1582.0
2021-06-24,226.60667419433594,232.5399932861328,222.5366668701172,137947200,0.07499023894698253,0.363559732107389,3766.0
2021-06-25,223.9566650390625,231.27000427246094,222.89999389648438,97490100,0.07616580432834,0.36214584928606824,5391.0
2021-06-28,229.57333374023438,231.56666564941406,223.44000244140625,64884600,0.08921463086552177,0.5721688224358213,729.0
2021-06-29,226.9199981689453,229.1699981689453,225.29666137695312,52143900,0.07109318932379433,0.5882526199983996,2361.0
2021-06-30,226.56666564941406,230.93666076660156,226.04666137695312,56774700,0.060505475247228685,0.5412826690636917,1665.0
2021-07-01,225.97332763671875,229.3300018310547,224.26666259765625,55903500,0.06959311597671924,0.5433293187481129,1797.0
2021-07-02,226.3000030517578,233.3333282470703,224.4199981689453,81163500,0.06192149192799485,0.5302966578973575,1836.0
2021-07-06,219.86000061035156,228.0,217.13333129882812,69853500,0.06648312875925881,0.36000000000000004,339.0
2021-07-07,214.88333129882812,221.89999389648438,212.77333068847656,56376000,0.06781388019674545,0.7197231833910033,1868.0
2021-07-08,217.60333251953125,218.14332580566406,206.82000732421875,68319900,0.06437878447795403,0.823464204315121,1841.0
2021-07-09,218.98333740234375,219.6366729736328,214.89666748046875,54421500,0.06790718592443495,0.6466243553430311,2168.0
2021-07-12,228.56666564941406,229.0800018310547,220.72000122070312,77781000,0.062608941517208,0.42682227212378493,456.0
2021-07-13,222.84666442871094,231.0933380126953,222.10000610351562,62898300,0.06770120044974305,0.5104619372828373,1985.0
2021-07-14,217.7933349609375,226.20333862304688,217.6133270263672,64923600,0.06582623363737448,0.7434643278799123,2278.0
2021-07-15,216.86666870117188,222.04666137695312,212.6266632080078,60628800,0.06943478514343307,0.789818533456789,2079.0
2021-07-16,214.74000549316406,218.89999389648438,214.06666564941406,49113000,0.06448844486199574,0.846675860066773,1905.0
2021-07-19,215.4066619873047,215.73333740234375,207.09666442871094,63891300,0.06852120689613676,0.7614926987560843,338.0
2021-07-20,220.1666717529297,220.79666137695312,213.5,46461300,0.0652271887306796,0.7939128243890149,1696.0
2021-07-21,218.42999267578125,221.6199951171875,216.76333618164062,41859900,0.06304717981808525,0.5051605231866826,1564.0
2021-07-22,216.4199981689453,220.72332763671875,214.86666870117188,45317100,0.06244364353846377,0.5660995323562749,1654.0
2021-07-23,214.4600067138672,216.26666259765625,212.43333435058594,43814700,0.058655294563732474,0.7064501715903854,1819.0
2021-07-26,219.2066650390625,222.73333740234375,215.70333862304688,76009800,0.06013255466826308,0.5083894834192099,339.0
2021-07-27,214.92666625976562,222.1666717529297,209.0800018310547,98439900,0.07456907775563136,0.6111903867631625,5054.0
2021-07-28,215.66000366210938,218.32333374023438,213.13333129882812,48019800,0.05760300504727353,0.6242822414223566,3824.0
2021-07-29,225.78334045410156,227.89666748046875,216.26666259765625,91183800,0.06574009249660215,0.7386521228101816,1544.0
2021-07-30,229.06666564941406,232.50999450683594,223.0,88969200,0.06761137763924698,0.6351840000000001,2740.0
2021-08-02,236.55667114257812,242.31333923339844,232.8000030517578,100847400,0.05970889769285921,0.433460515666551,374.0
2021-08-03,236.5800018310547,240.88333129882812,233.6699981689453,64860900,0.07674342333163894,0.5087630172165938,2951.0
2021-08-04,236.97332763671875,241.63333129882812,236.30999755859375,51007800,0.07269532168049975,0.5830672853819767,1973.0
2021-08-05,238.2100067138672,240.31666564941406,237.1366729736328,38758800,0.07531553220228102,0.6561990935630069,1757.0
2021-08-06,233.03334045410156,238.77667236328125,232.5433349609375,46869000,0.06570260307860173,0.5532920275404152,1880.0
2021-08-09,237.9199981689453,239.67666625976562,235.0433349609375,44145900,0.05772694429222106,0.5580350176336569,373.0
2021-08-10,236.663330078125,238.8633270263672,233.9600067138672,40296900,0.0655071179469059,0.5150203634390718,1374.0
2021-08-11,235.94000244140625,238.39332580566406,234.73666381835938,29401800,0.0622292374685231,0.619018474878759,1399.0
2021-08-12,240.75,240.93333435058594,233.13333129882812,52377300,0.06407072365251529,0.6952039930555557,1150.0
2021-08-13,239.05667114257812,243.3000030517578,238.1133270263672,50194500,0.06476444198260486,0.49313907408038316,1963.0
2021-08-16,228.72332763671875,236.5,225.46665954589844,68032200,0.05465568112159388,0.5681632653061225,269.0
2021-08-17,221.90333557128906,224.86000061035156,216.27999877929688,71163900,0.06707187389922409,0.7898323578500158,2223.0
2021-08-18,229.663330078125,231.92333984375,223.11666870117188,61048200,0.06701325515516368,0.8265463235768818,2523.0
2021-08-19,224.49000549316406,228.85000610351562,222.52999877929688,42940500,0.07228556182296084,0.6854413737880884,2167.0
2021-08-20,226.75332641601562,230.7100067138672,224.56666564941406,44525700,0.064450496358955,0.8026987560843699,1660.0
2021-08-23,235.43333435058594,237.3766632080078,226.9166717529297,60794700,0.06949539200492855,0.4314678715433669,340.0
2021-08-24,236.163330078125,238.4066619873047,234.2133331298828,39249300,0.060459499482669404,0.629197078560731,1705.0
2021-08-25,237.06666564941406,238.99000549316406,234.6666717529297,37936800,0.07120120897213027,0.6393245780096178,1383.0
2021-08-26,233.72000122070312,238.46665954589844,232.5399932861328,39642900,0.07321982733879953,0.6018990929705216,1278.0
2021-08-27,237.30667114257812,238.3333282470703,234.03334045410156,41501400,0.06969880448387034,0.8145346049336674,1344.0
2021-08-30,243.6366729736328,243.6666717529297,237.57666015625,55812600,0.06442507560318579,0.6781619822485209,379.0
2021-08-31,245.24000549316406,246.79666137695312,242.14666748046875,62566200,0.08438831785696856,0.33572788933810016,2183.0
2021-09-01,244.69667053222656,247.3300018310547,243.7566680908203,39612900,0.07483547638998328,0.5220548944988205,1972.0
2021-09-02,244.1300048828125,246.99000549316406,243.51333618164062,38331900,0.0675539956898911,0.6905479411149928,1610.0
2021-09-03,244.52333068847656,244.6666717529297,241.39999389648438,45738300,0.06611875193320982,0.8398016733998822,1459.0
2021-09-07,250.97332763671875,253.39999389648438,246.4199981689453,60119400,0.05827687643568489,0.6085389916783436,354.0
2021-09-08,251.2899932861328,254.81666564941406,246.92333984375,56379000,0.07023184569943548,0.5883585245516485,1574.0
2021-09-09,251.6199951171875,254.03334045410156,250.5433349609375,42233100,0.06360431446587421,0.7075650684300688,1649.0
2021-09-10,245.42333984375,254.20333862304688,244.83999633789062,45552600,0.06484417984701533,0.6979672415315106,1324.0
2021-09-13,247.6666717529297,248.25999450683594,236.28334045410156,68857500,0.05537212939996957,0.6518267042166582,311.0
2021-09-14,248.163330078125,251.49000549316406,245.46665954589844,55574700,0.07186586115595882,0.799637188208617,1521.0
2021-09-15,251.94332885742188,252.2866668701172,246.1199951171875,46073100,0.07198624671111546,0.8479561099321983,1241.0
2021-09-16,252.3300018310547,252.97000122070312,249.20333862304688,41770200,0.08087770937271921,0.6588613047223747,1529.0
2021-09-17,253.163330078125,253.67999267578125,250.0,84612600,0.06302830248702784,0.7038194042149556,1649.0
2021-09-20,243.38999938964844,247.3333282470703,239.5399932861328,74273100,0.06330478483802196,0.8567142264355708,349.0
2021-09-21,246.4600067138672,248.24667358398438,243.47999572753906,48992100,0.06177639806697178,0.9419586223033023,1908.0
2021-09-22,250.64666748046875,251.22332763671875,246.3733367919922,45378900,0.058084646381404106,0.7538490572347942,1119.0
2021-09-23,251.2133331298828,252.73333740234375,249.30667114257812,35842500,0.07480126942090178,0.466374930838489,1210.0
2021-09-24,258.1300048828125,258.26666259765625,248.18666076660156,64119000,0.06312783809544685,0.5448045309683526,1378.0
2021-09-27,263.78668212890625,266.3333435058594,256.4366760253906,84212100,0.061636038495810716,0.5918209876543209,415.0
2021-09-28,259.1866760253906,265.21331787109375,255.39332580566406,76144200,0.07766092421245399,0.5507816389633047,3469.0
2021-09-29,260.4366760253906,264.5,256.8933410644531,62828700,0.06652086091844034,0.745188631047722,2325.0
2021-09-30,258.49334716796875,263.0433349609375,258.3333435058594,53868000,0.07055401397566503,0.7476646553678401,1918.0
2021-10-01,258.40667724609375,260.260009765625,254.52999877929688,51094200,0.059281999597351545,0.7609119396320893,1700.0
2021-10-04,260.510009765625,268.989990234375,258.7066650390625,91449900,0.062065901308163515,0.6481881968473666,677.0
2021-10-05,260.1966552734375,265.7699890136719,258.0666809082031,55297800,0.07069178705244293,0.8150222672173482,3151.0
2021-10-06,260.9166564941406,262.2200012207031,257.739990234375,43898400,0.06984139324850122,0.9816069674056986,2084.0
2021-10-07,264.53668212890625,268.3333435058594,261.1266784667969,57587400,0.06180033548499738,0.775244893164408,1413.0
2021-10-08,261.8299865722656,265.4599914550781,260.3033447265625,50215800,0.07632347576220547,0.6263649578170943,3452.0
2021-10-11,263.9800109863281,267.0799865722656,261.8333435058594,42600900,0.09627045489680758,0.8552693761814745,469.0
2021-10-12,268.5733337402344,270.7733459472656,265.5233459472656,66060000,0.06720905461394856,0.5913911672109234,1560.0
2021-10-13,270.3599853515625,271.8033447265625,268.59332275390625,42360300,0.07397558786970374,0.6711179046433055,2197.0
2021-10-14,272.7733459472656,273.4166564941406,271.1166687011719,36741600,0.06853805860482974,0.6417821754812676,1519.0
2021-10-15,281.010009765625,281.07000732421875,274.1166687011719,56773800,0.06510968917854297,0.40717979006147825,1619.0
2021-10-18,290.03668212890625,291.7533264160156,283.8233337402344,72621600,0.05986097485486197,0.3990745748452617,503.0
2021-10-19,288.0899963378906,292.6499938964844,287.5033264160156,52143300,0.07143810041048143,0.430810694626716,2791.0
2021-10-20,288.6000061035156,289.8299865722656,285.7933349609375,42096300,0.06698222768542879,0.6718976421929719,2454.0
2021-10-21,298.0,300.0,285.1666564941406,94444500,0.07370785323571084,0.7530382541396291,4607.0
2021-10-22,303.2266540527344,303.3333435058594,296.9866638183594,68642400,0.07275178010462158,0.6210298478113636,5350.0
2021-10-25,341.6199951171875,348.3399963378906,314.73333740234375,188556300,0.06480677603259805,0.3725543094256241,508.0
2021-10-26,339.4766540527344,364.9800109863281,333.8133239746094,187245000,0.07774026327589678,0.5769948416957735,11311.0
2021-10-27,345.9533386230469,356.9599914550781,343.59332275390625,115579500,0.07145629383662243,0.7972449871606269,8664.0
2021-10-28,359.0133361816406,360.3333435058594,351.3999938964844,81639600,0.06454092735860348,0.5441102050370131,4898.0
2021-10-29,371.3333435058594,371.7366638183594,357.7366638183594,89755200,0.06446108816913289,0.6503805030905117,4896.0
2021-11-01,402.86334228515625,403.25,372.88665771484375,168146100,0.05950723596227643,0.4180392274622263,803.0
2021-11-02,390.6666564941406,402.86334228515625,382.0,128213400,0.07239975202212509,0.6621243061028982,9196.0
2021-11-03,404.6199951171875,405.1300048828125,384.2066650390625,103885500,0.0679128685444663,0.8781415819589087,9986.0
2021-11-04,409.9700012207031,414.4966735839844,405.6666564941406,76192200,0.07469367172137398,0.7930688038048677,4922.0
2021-11-05,407.36334228515625,413.2900085449219,402.6666564941406,64886400,0.07521328029116559,0.703592605074282,4679.0
2021-11-08,387.64666748046875,399.0,377.6666564941406,100337100,0.06305613987276663,0.9761201180699296,3600.0
2021-11-09,341.1666564941406,391.5,337.17333984375,177317400,0.06902582793304447,0.83617896087515,8632.0
2021-11-10,355.98333740234375,359.3666687011719,329.10333251953125,128408100,0.06982853681373971,0.982215111462206,9542.0
2021-11-11,354.5033264160156,368.3233337402344,351.55999755859375,67189800,0.0671770831979043,0.7887069452947995,8137.0
2021-11-12,344.47332763671875,351.5,339.73333740234375,76719300,0.0651011529641088,0.913022722663743,5976.0
2021-11-15,337.7966613769531,343.99334716796875,326.20001220703125,104326800,0.06753345645774571,0.9698591820987656,1146.0
2021-11-16,351.57666015625,352.3999938964844,334.05999755859375,79627200,0.06872945969034308,0.9551398952128024,6725.0
2021-11-17,363.0033264160156,373.21331787109375,351.8333435058594,94336200,0.06852639008128661,0.761078421374448,4445.0
2021-11-18,365.4599914550781,370.6666564941406,358.3399963378906,62696700,0.0734384072176144,0.6720570875312937,4323.0
2021-11-19,379.0199890136719,379.5733337402344,364.23333740234375,64926900,0.06699716505080675,0.7567225227681655,3177.0
2021-11-22,385.6233215332031,400.6499938964844,377.4766540527344,99217500,0.06124357928083295,0.6226530612244898,525.0
2021-11-23,369.6766662597656,393.5,354.23333740234375,108515100,0.07260586211538363,0.7364656192585839,3377.0
2021-11-24,372.0,377.5899963378906,354.0,67680600,0.07209424536446761,0.8377750631523435,3912.0
2021-11-26,360.6400146484375,369.59332275390625,360.3333435058594,35042700,0.057130453344707524,0.6368141748168938,574.0
2021-11-29,378.9966735839844,380.8900146484375,366.7300109863281,58393500,0.0659643710009811,0.7733703630232097,647.0
2021-11-30,381.586669921875,389.3333435058594,372.6666564941406,81276000,0.07398844786777137,0.6248437499999999,2081.0
2021-12-01,365.0,390.9466552734375,363.586669921875,68450400,0.07200381163272611,0.7022810908650285,2508.0
2021-12-02,361.5333251953125,371.0,352.2166748046875,73114800,0.07065794651938177,0.8702614181747046,2889.0
2021-12-03,338.3233337402344,363.52667236328125,333.4033203125,92322000,0.06680497035052986,0.7806343475593291,2463.0
2021-12-06,336.336669921875,340.5466613769531,316.8333435058594,81663000,0.057287589085587266,0.622960911049554,449.0
2021-12-07,350.5833435058594,352.5566711425781,342.2699890136719,56084700,0.07363583002796041,0.7982008568644545,3411.0
2021-12-08,356.32000732421875,357.4599914550781,344.3333435058594,41906400,0.06810273462134277,0.45302960615663196,2081.0
2021-12-09,334.6000061035156,354.163330078125,334.1199951171875,59438400,0.07029934661375754,0.5268023511770821,2418.0
2021-12-10,339.010009765625,340.32666015625,327.510009765625,59664300,0.06541651972380505,0.8279948412917406,3022.0
2021-12-13,322.13665771484375,335.0,317.1400146484375,78595500,0.06356668147386729,0.855666367918232,426.0
2021-12-14,319.5033264160156,322.13665771484375,310.0,70806300,0.06939499722947871,0.9290487190188014,3524.0
2021-12-15,325.3299865722656,326.25,309.4166564941406,75169200,0.06970567042000274,0.9180325966906916,4016.0
2021-12-16,308.97332763671875,331.6600036621094,307.2833251953125,82771500,0.06594975560463814,0.8160402479723396,3513.0
2021-12-17,310.8566589355469,320.2200012207031,303.0133361816406,100437300,0.07070671511061685,0.8894403079442238,4421.0
2021-12-20,299.9800109863281,307.2300109863281,297.7966613769531,56480100,0.062362381315994746,0.8340192043895746,477.0
2021-12-21,312.84332275390625,313.1666564941406,295.3733215332031,71517900,0.06429198318252205,0.980680073344166,2768.0
2021-12-22,336.2900085449219,338.5533447265625,319.01666259765625,93634200,0.06925406539719978,0.7384134877703397,3106.0
2021-12-23,355.6666564941406,357.6600036621094,332.5199890136719,92713200,0.07535207065106876,0.5379581467264619,5575.0
2021-12-27,364.64666748046875,372.3333435058594,356.90667724609375,71145900,0.052529428367748085,0.4747075162023398,409.0
2021-12-28,362.8233337402344,373.0,359.47332763671875,60324000,0.06629696446751848,0.5690998475762882,2924.0
2021-12-29,362.0633239746094,368.0,354.71331787109375,56154000,0.07176190618011541,0.6075540998292323,3308.0
2021-12-30,356.7799987792969,365.1833190917969,351.04998779296875,47040900,0.07461225286119744,0.6250541039062504,4617.0
2021-12-31,352.260009765625,360.6666564941406,351.5299987792969,40733700,0.06522773990102029,0.7218025590707556,4243.0
2022-01-03,399.9266662597656,400.3566589355469,378.67999267578125,103931400,0.06947593677392454,0.372441022685735,1840.0
2022-01-04,383.1966552734375,402.6666564941406,374.3500061035156,100248300,0.07991340536237584,0.3756427902065995,9025.0
2022-01-05,362.7066650390625,390.11334228515625,360.336669921875,80119800,0.06560383662323632,0.5757501751340357,5552.0
2022-01-06,354.8999938964844,362.6666564941406,340.1666564941406,90336600,0.07179957308664366,0.843271203073231,4503.0
2022-01-07,342.32000732421875,360.30999755859375,336.6666564941406,84164700,0.06933142826221833,0.7143607424240532,4075.0
2022-01-10,352.7066650390625,353.0333251953125,326.6666564941406,91815000,0.055402883044203835,0.7585172588892432,574.0
2022-01-11,354.79998779296875,358.6166687011719,346.2733459472656,66063300,0.08287179386357123,0.6163862419558475,4248.0
2022-01-12,368.739990234375,371.61334228515625,357.5299987792969,83739000,0.07057371067948767,0.6140855138641658,3360.0
2022-01-13,343.85333251953125,371.8666687011719,342.17999267578125,97209900,0.08054662016053664,0.4341765212624325,3540.0
2022-01-14,349.8699951171875,350.6666564941406,337.7933349609375,72924300,0.07334603816896546,0.7311759212080908,3874.0
2022-01-18,343.5033264160156,356.92999267578125,338.6866760253906,66743400,0.06438168653408023,0.7348518601024727,545.0
2022-01-19,331.8833312988281,351.5566711425781,331.6666564941406,75442500,0.07495537807204562,0.7914365669043426,2592.0
2022-01-20,332.0899963378906,347.2200012207031,331.3333435058594,70488600,0.07443474271224776,0.883985614373222,3422.0
2022-01-21,314.6333312988281,334.8500061035156,313.5,103416000,0.06456242996010741,0.8053556586298158,3439.0
2022-01-24,310.0,311.1700134277344,283.8233337402344,151565700,0.05541073337579621,0.8518090688385933,798.0
2022-01-25,306.1333312988281,317.086669921875,301.07000732421875,86595900,0.07028467535642655,0.922466382007712,5072.0
2022-01-26,312.4700012207031,329.2300109863281,302.0,104867400,0.07273422398135687,0.8425814994391595,3959.0
2022-01-27,276.3666687011719,311.7966613769531,276.3333435058594,147109500,0.08468074013416291,0.7928157857270354,10049.0
2022-01-28,282.1166687011719,285.8333435058594,264.0033264160156,134789100,0.06770267378277343,0.9660798011976817,10766.0
2022-01-31,312.239990234375,312.663330078125,287.3500061035156,104436000,0.06749439773595534,0.44852049184305276,617.0
2022-02-01,310.4166564941406,314.5666809082031,301.6666564941406,73138200,0.07057060791923071,0.5786604480673442,3655.0
2022-02-02,301.88665771484375,310.5,296.4700012207031,66792900,0.06930199475874382,0.7509110226254377,2903.0
2022-02-03,297.0466613769531,312.3333435058594,293.50665283203125,78855600,0.06770552909134589,0.9464690956881345,2853.0
2022-02-04,307.7733459472656,312.1666564941406,293.72332763671875,73625400,0.06693856763887479,0.9028546371698558,3452.0
2022-02-07,302.4466552734375,315.92333984375,300.9033203125,60994500,0.06695469914112719,0.6616258703917297,380.0
2022-02-08,307.3333435058594,308.7633361816406,298.26666259765625,50729100,0.07709090946913454,0.7011249613249814,1762.0
2022-02-09,310.6666564941406,315.42333984375,306.6666564941406,52259400,0.07179859104238255,0.676999007747035,1971.0
2022-02-10,301.51666259765625,314.60333251953125,298.8999938964844,66126900,0.07263590990963144,0.5307620018075173,1951.0
2022-02-11,286.6666564941406,305.32000732421875,283.5666809082031,79645800,0.06815755434250509,0.8814245746691871,2274.0
2022-02-14,291.9200134277344,299.6266784667969,284.3833312988281,67756500,0.05897208811847702,0.8255087325749081,501.0
2022-02-15,307.4766540527344,307.6666564941406,297.7933349609375,57286200,0.0604102408430379,0.9199833037946885,2382.0
2022-02-16,307.7966613769531,308.80999755859375,300.4033203125,51294300,0.06813878078863879,0.6542303879104482,1900.0
2022-02-17,292.1166687011719,306.1666564941406,291.3666687011719,55178400,0.07061092943724198,0.7041060468155617,1804.0
2022-02-18,285.6600036621094,295.6233215332031,279.2033386230469,68501700,0.06344731378193502,0.9705204321287767,2070.0
2022-02-22,273.84332275390625,285.57666015625,267.0333251953125,83288100,0.06146818919515838,0.9482904860198911,839.0
2022-02-23,254.67999267578125,278.4333190917969,253.52000427246094,95256900,0.07173896462406978,0.9263866354185446,2890.0
2022-02-24,266.92333984375,267.49334716796875,233.3333282470703,135322200,0.06673185141119456,0.9721078517970754,4452.0
2022-02-25,269.9566650390625,273.1666564941406,260.79998779296875,76067700,0.06678614327185008,0.9556542340658045,5329.0
2022-02-28,290.1433410644531,292.28668212890625,271.57000732421875,99006900,0.06049846317569957,0.9121476968408776,712.0
2022-03-01,288.1233215332031,296.6266784667969,284.59332275390625,74766900,0.07190137713179368,0.6648993946852652,2732.0
2022-03-02,293.2966613769531,295.49334716796875,281.42333984375,74643300,0.07190137713179368,0.6648993946852652,0.0
2022-03-03,279.7633361816406,295.4800109863281,277.5333251953125,61623600,0.07190137713179368,0.6648993946852652,0.0
2022-03-04,279.42999267578125,285.2166748046875,275.0533447265625,66999600,0.07190137713179368,0.6648993946852652,0.0
2022-03-07,268.1933288574219,288.71331787109375,268.19000244140625,72494100,0.07190137713179368,0.6648993946852652,0.0
2022-03-08,274.79998779296875,283.3299865722656,260.72332763671875,80399100,0.07190137713179368,0.6648993946852652,0.0
2022-03-09,286.3233337402344,286.85333251953125,277.336669921875,59184000,0.07190137713179368,0.6648993946852652,0.0
2022-03-10,279.4333190917969,284.8166809082031,270.1199951171875,58648500,0.07190137713179368,0.6648993946852652,0.0
2022-03-11,265.1166687011719,281.26666259765625,264.5899963378906,67037100,0.07190137713179368,0.6648993946852652,0.0
2022-03-14,255.4566650390625,266.8999938964844,252.01333618164062,71152200,0.07190137713179368,0.6648993946852652,0.0
2022-03-15,267.2966613769531,268.5233459472656,252.19000244140625,66841200,0.07190137713179368,0.6648993946852652,0.0
2022-03-16,280.07666015625,280.6666564941406,267.4200134277344,84028800,0.07190137713179368,0.6648993946852652,0.0
2022-03-17,290.5333251953125,291.6666564941406,275.239990234375,66582900,0.07190137713179368,0.6648993946852652,0.0
2022-03-18,301.7966613769531,302.6166687011719,289.1300048828125,100414200,0.07190137713179368,0.6648993946852652,0.0
2022-03-21,307.0533447265625,314.2833251953125,302.36334228515625,81981600,0.07190137713179368,0.6648993946852652,0.0
2022-03-22,331.32666015625,332.6199951171875,307.25,105868500,0.07190137713179368,0.6648993946852652,0.0
2022-03-23,333.03668212890625,346.8999938964844,325.4666748046875,120676200,0.07190137713179368,0.6648993946852652,0.0
2022-03-24,337.97332763671875,341.4966735839844,329.6000061035156,68920800,0.07190137713179368,0.6648993946852652,0.0
2022-03-25,336.8800048828125,340.6000061035156,332.44000244140625,62031600,0.07190137713179368,0.6648993946852652,0.0
2022-03-28,363.9466552734375,365.9599914550781,351.20001220703125,102506100,0.07190137713179368,0.6648993946852652,0.0
2022-03-29,366.5233459472656,371.5899963378906,357.7033386230469,73614900,0.07190137713179368,0.6648993946852652,0.0
2022-03-30,364.663330078125,371.3166809082031,361.3333435058594,59865000,0.07190137713179368,0.6648993946852652,0.0
2022-03-31,359.20001220703125,367.71331787109375,358.8800048828125,48992700,0.07190137713179368,0.6648993946852652,0.0
2022-04-01,361.5299987792969,364.9166564941406,355.5466613769531,54263100,0.07190137713179368,0.6648993946852652,0.0
2022-04-04,381.8166809082031,383.3033447265625,357.510009765625,82035900,0.07190137713179368,0.6648993946852652,0.0
2022-04-05,363.7533264160156,384.2900085449219,362.4333190917969,80075100,0.07190137713179368,0.6648993946852652,0.0
2022-04-06,348.586669921875,359.6666564941406,342.5666809082031,89348400,0.07190137713179368,0.6648993946852652,0.0
2022-04-07,352.4200134277344,358.86334228515625,340.5133361816406,79447200,0.07190137713179368,0.6648993946852652,0.0
2022-04-08,341.8299865722656,349.4800109863281,340.8133239746094,55013700,0.07190137713179368,0.6648993946852652,0.0
2022-04-11,325.30999755859375,336.15667724609375,324.8800048828125,59357100,0.07190137713179368,0.6648993946852652,0.0
2022-04-12,328.98333740234375,340.39666748046875,325.5333251953125,65976000,0.07190137713179368,0.6648993946852652,0.0
2022-04-13,340.7900085449219,342.0799865722656,324.3666687011719,55121100,0.07190137713179368,0.6648993946852652,0.0
2022-04-14,328.3333435058594,337.57000732421875,327.39666748046875,58422300,0.07190137713179368,0.6648993946852652,0.0
2022-04-18,334.7633361816406,338.3066711425781,324.4700012207031,51715200,0.07190137713179368,0.6648993946852652,0.0
2022-04-19,342.7166748046875,344.9800109863281,331.77667236328125,49847700,0.07190137713179368,0.6648993946852652,0.0
2022-04-20,325.73333740234375,344.6666564941406,325.0833435058594,70711200,0.07190137713179368,0.6648993946852652,0.0
2022-04-21,336.260009765625,364.0733337402344,332.1400146484375,105416400,0.07190137713179368,0.6648993946852652,0.0
2022-04-22,335.01666259765625,344.95001220703125,331.3333435058594,69696600,0.07190137713179368,0.6648993946852652,0.0
2022-04-25,332.67333984375,336.2066650390625,325.1000061035156,68341200,0.07190137713179368,0.6648993946852652,0.0
2022-04-26,292.1400146484375,333.3333435058594,291.6666564941406,136133700,0.07190137713179368,0.6648993946852652,0.0
2022-04-27,293.836669921875,306.0,292.4533386230469,76956300,0.07190137713179368,0.6648993946852652,0.0
2022-04-28,292.5033264160156,300.0,273.8999938964844,124948500,0.07190137713179368,0.6648993946852652,0.0
2022-04-29,290.2533264160156,311.4666748046875,290.0,88133100,0.07190137713179368,0.6648993946852652,0.0
2022-05-02,300.9800109863281,302.1199951171875,282.6766662597656,75781500,0.07190137713179368,0.6648993946852652,0.0
2022-05-03,303.0833435058594,308.02667236328125,296.1966552734375,63709500,0.07190137713179368,0.6648993946852652,0.0
2022-05-04,317.5400085449219,318.5,295.09332275390625,81643800,0.07190137713179368,0.6648993946852652,0.0
2022-05-05,291.09332275390625,315.20001220703125,285.8999938964844,92519100,0.07190137713179368,0.6648993946852652,0.0
2022-05-06,288.54998779296875,296.0,281.03668212890625,72903000,0.07190137713179368,0.6648993946852652,0.0
2022-05-09,262.3699951171875,281.8766784667969,260.3833312988281,90810300,0.07190137713179368,0.6648993946852652,0.0
2022-05-10,266.67999267578125,275.1199951171875,258.0833435058594,84401700,0.07190137713179368,0.6648993946852652,0.0
2022-05-11,244.6666717529297,269.92333984375,242.39999389648438,97224600,0.07190137713179368,0.6648993946852652,0.0
2022-05-12,242.6666717529297,253.22000122070312,226.6666717529297,140313000,0.07190137713179368,0.6648993946852652,0.0
2022-05-13,256.5299987792969,262.45001220703125,250.52333068847656,92150700,0.07190137713179368,0.6648993946852652,0.0
2022-05-16,241.4566650390625,256.586669921875,239.69667053222656,86098500,0.07190137713179368,0.6648993946852652,0.0
2022-05-17,253.8699951171875,254.82666015625,242.9499969482422,80236200,0.07190137713179368,0.6648993946852652,0.0
2022-05-18,236.60333251953125,253.5,233.60333251953125,87811800,0.07190137713179368,0.6648993946852652,0.0
2022-05-19,236.47332763671875,244.6666717529297,231.3699951171875,90296700,0.07190137713179368,0.6648993946852652,0.0
2022-05-20,221.3000030517578,240.52667236328125,211.0,144973200,0.07190137713179368,0.6648993946852652,0.0
2022-05-23,224.96665954589844,226.65333557128906,212.68666076660156,88903500,0.07190137713179368,0.6648993946852652,0.0
2022-05-24,209.3866729736328,217.97332763671875,206.85667419433594,89092500,0.07190137713179368,0.6648993946852652,0.0
2022-05-25,219.60000610351562,223.10667419433594,207.6699981689453,92139300,0.07190137713179368,0.6648993946852652,0.0
2022-05-26,235.91000366210938,239.55667114257812,217.8866729736328,106003200,0.07190137713179368,0.6648993946852652,0.0
2022-05-27,253.2100067138672,253.26666259765625,240.17666625976562,89295000,0.07190137713179368,0.6648993946852652,0.0
2022-05-31,252.75332641601562,259.6000061035156,244.7433319091797,101914500,0.07190137713179368,0.6648993946852652,0.0
2022-06-01,246.7899932861328,257.32666015625,243.63999938964844,77247900,0.07190137713179368,0.6648993946852652,0.0
2022-06-02,258.3333435058594,264.2099914550781,242.06666564941406,93473100,0.07190137713179368,0.6648993946852652,0.0
2022-06-03,234.51666259765625,247.79666137695312,233.4166717529297,112393800,0.07190137713179368,0.6648993946852652,0.0
2022-06-06,238.27999877929688,244.86666870117188,234.35000610351562,84204600,0.07190137713179368,0.6648993946852652,0.0
2022-06-07,238.8866729736328,239.99667358398438,230.0933380126953,72808500,0.07190137713179368,0.6648993946852652,0.0
2022-06-08,241.86666870117188,249.9633331298828,239.17666625976562,76210500,0.07190137713179368,0.6648993946852652,0.0
2022-06-09,239.7066650390625,255.54666137695312,239.32666015625,96491400,0.07190137713179368,0.6648993946852652,0.0
2022-06-10,232.22999572753906,239.5,227.913330078125,97536600,0.07190137713179368,0.6648993946852652,0.0
2022-06-13,215.73666381835938,226.63333129882812,214.68333435058594,102767400,0.07190137713179368,0.6648993946852652,0.0
2022-06-14,220.88999938964844,226.3300018310547,211.73666381835938,97988700,0.07190137713179368,0.6648993946852652,0.0
2022-06-15,233.0,235.663330078125,218.14999389648438,119131800,0.07190137713179368,0.6648993946852652,0.0
2022-06-16,213.10000610351562,225.1666717529297,208.69332885742188,107390700,0.07190137713179368,0.6648993946852652,0.0
2022-06-17,216.75999450683594,220.97000122070312,213.19667053222656,92641800,0.07190137713179368,0.6648993946852652,0.0
2022-06-21,237.0366668701172,243.57666015625,224.3333282470703,122793000,0.07190137713179368,0.6648993946852652,0.0
2022-06-22,236.086669921875,246.8333282470703,233.82666015625,101107500,0.07190137713179368,0.6648993946852652,0.0
2022-06-23,235.07000732421875,239.31666564941406,228.6366729736328,104202600,0.07190137713179368,0.6648993946852652,0.0
2022-06-24,245.7066650390625,246.06666564941406,236.086669921875,95770800,0.07190137713179368,0.6648993946852652,0.0
2022-06-27,244.9199981689453,252.07000732421875,242.56666564941406,89178300,0.07190137713179368,0.6648993946852652,0.0
2022-06-28,232.663330078125,249.97000122070312,232.3433380126953,90391200,0.07190137713179368,0.6648993946852652,0.0
2022-06-29,228.49000549316406,231.17333984375,222.27333068847656,82897200,0.07190137713179368,0.6648993946852652,0.0
2022-06-30,224.47332763671875,229.4566650390625,218.8633270263672,94600500,0.07190137713179368,0.6648993946852652,0.0
2022-07-01,227.26333618164062,230.22999572753906,222.1199951171875,74460300,0.07190137713179368,0.6648993946852652,0.0
2022-07-05,233.06666564941406,233.14666748046875,216.1666717529297,84581100,0.07190137713179368,0.6648993946852652,0.0
2022-07-06,231.73333740234375,234.56333923339844,227.18666076660156,71853600,0.07190137713179368,0.6648993946852652,0.0
2022-07-07,244.5433349609375,245.3633270263672,232.2100067138672,81930600,0.07190137713179368,0.6648993946852652,0.0
2022-07-08,250.76333618164062,254.97999572753906,241.16000366210938,101854200,0.07190137713179368,0.6648993946852652,0.0
2022-07-11,234.3433380126953,253.06333923339844,233.6266632080078,99241200,0.07190137713179368,0.6648993946852652,0.0
2022-07-12,233.07000732421875,239.77333068847656,228.3699951171875,87930900,0.07190137713179368,0.6648993946852652,0.0
2022-07-13,237.0399932861328,242.05999755859375,225.03334045410156,97954500,0.07190137713179368,0.6648993946852652,0.0
2022-07-14,238.31333923339844,238.65333557128906,229.3333282470703,78557400,0.07190137713179368,0.6648993946852652,0.0
2022-07-15,240.06666564941406,243.6233367919922,236.88999938964844,69683100,0.07190137713179368,0.6648993946852652,0.0
2022-07-18,240.54666137695312,250.51666259765625,239.60333251953125,82537500,0.07190137713179368,0.6648993946852652,0.0
2022-07-19,245.52999877929688,247.13999938964844,236.97666931152344,80890200,0.07190137713179368,0.6648993946852652,0.0
2022-07-20,247.5,250.663330078125,243.48333740234375,88864200,0.07190137713179368,0.6648993946852652,0.0
2022-07-21,271.7066650390625,273.26666259765625,254.86666870117188,142032300,0.07190137713179368,0.6648993946852652,0.0
2022-07-22,272.24334716796875,280.78668212890625,270.71331787109375,103472700,0.07190137713179368,0.6648993946852652,0.0
2022-07-25,268.4333190917969,274.14666748046875,267.3999938964844,64073400,0.07190137713179368,0.6648993946852652,0.0
2022-07-26,258.8599853515625,267.30999755859375,256.2633361816406,66820800,0.07190137713179368,0.6648993946852652,0.0
2022-07-27,274.82000732421875,275.9266662597656,261.7900085449219,88110000,0.07190137713179368,0.6648993946852652,0.0
2022-07-28,280.8999938964844,283.29998779296875,272.79998779296875,84723000,0.07190137713179368,0.6648993946852652,0.0
2022-07-29,297.1499938964844,298.32000732421875,279.1000061035156,95313000,0.07190137713179368,0.6648993946852652,0.0
2022-08-01,297.27667236328125,311.8766784667969,295.0,117042900,0.07190137713179368,0.6648993946852652,0.0
2022-08-02,300.586669921875,307.8333435058594,292.6666564941406,95577600,0.07190137713179368,0.6648993946852652,0.0
2022-08-03,307.39666748046875,309.54998779296875,301.1499938964844,80091000,0.07190137713179368,0.6648993946852652,0.0
2022-08-04,308.6333312988281,313.6066589355469,305.0,72256200,0.07190137713179368,0.6648993946852652,0.0
2022-08-05,288.1700134277344,304.6066589355469,285.5433349609375,113172900,0.07190137713179368,0.6648993946852652,0.0
2022-08-08,290.42333984375,305.20001220703125,289.086669921875,98994000,0.07190137713179368,0.6648993946852652,0.0
2022-08-09,283.3333435058594,292.39666748046875,279.35333251953125,86244600,0.07190137713179368,0.6648993946852652,0.0
2022-08-10,294.3566589355469,297.510009765625,283.3699951171875,94918800,0.07190137713179368,0.6648993946852652,0.0
2022-08-11,286.6300048828125,298.2366638183594,285.8333435058594,70155000,0.07190137713179368,0.6648993946852652,0.0
2022-08-12,300.0299987792969,300.1600036621094,285.0333251953125,79657200,0.07190137713179368,0.6648993946852652,0.0
2022-08-15,309.32000732421875,313.1333312988281,301.2300109863281,89359200,0.07190137713179368,0.6648993946852652,0.0
2022-08-16,306.5633239746094,314.6666564941406,302.8833312988281,88136400,0.07190137713179368,0.6648993946852652,0.0
2022-08-17,303.9966735839844,309.65667724609375,300.0333251953125,68766000,0.07190137713179368,0.6648993946852652,0.0
2022-08-18,302.8699951171875,306.5,301.85333251953125,47500500,0.07190137713179368,0.6648993946852652,0.0
2022-08-19,296.6666564941406,300.3599853515625,292.5,61395300,0.07190137713179368,0.6648993946852652,0.0
2022-08-22,289.913330078125,292.3999938964844,286.2966613769531,55843200,0.07190137713179368,0.6648993946852652,0.0
2022-08-23,296.4533386230469,298.82666015625,287.92333984375,63984900,0.07190137713179368,0.6648993946852652,0.0
2022-08-24,297.0966796875,303.64666748046875,296.5,57259800,0.07190137713179368,0.6648993946852652,0.0
2022-08-25,296.07000732421875,302.9599914550781,291.6000061035156,53230000,0.07190137713179368,0.6648993946852652,0.0
2022-08-26,288.0899963378906,302.0,287.4700012207031,57163900,0.07190137713179368,0.6648993946852652,0.0
2022-08-29,284.82000732421875,287.739990234375,280.70001220703125,41864700,0.07190137713179368,0.6648993946852652,0.0
2022-08-30,277.70001220703125,288.4800109863281,272.6499938964844,50541800,0.07190137713179368,0.6648993946852652,0.0
2022-08-31,275.6099853515625,281.25,271.80999755859375,52107300,0.07190137713179368,0.6648993946852652,0.0
2022-09-01,277.1600036621094,277.5799865722656,266.1499938964844,54287000,0.07190137713179368,0.6648993946852652,0.0
2022-09-02,270.2099914550781,282.3500061035156,269.0799865722656,50890100,0.07190137713179368,0.6648993946852652,0.0
2022-09-06,274.4200134277344,275.989990234375,265.739990234375,55860000,0.07190137713179368,0.6648993946852652,0.0
2022-09-07,283.70001220703125,283.8399963378906,272.2699890136719,50028900,0.07190137713179368,0.6648993946852652,0.0
2022-09-08,289.260009765625,289.5,279.760009765625,53713100,0.07190137713179368,0.6648993946852652,0.0
2022-09-09,299.67999267578125,299.8500061035156,291.25,54338100,0.07190137713179368,0.6648993946852652,0.0
2022-09-12,304.4200134277344,305.489990234375,300.3999938964844,48674600,0.07190137713179368,0.6648993946852652,0.0
2022-09-13,292.1300048828125,297.3999938964844,290.3999938964844,68229600,0.07190137713179368,0.6648993946852652,0.0
2022-09-14,302.6099853515625,306.0,291.6400146484375,72628700,0.07190137713179368,0.6648993946852652,0.0
2022-09-15,303.75,309.1199951171875,300.7200012207031,64795500,0.07190137713179368,0.6648993946852652,0.0
2022-09-16,303.3500061035156,303.7099914550781,295.6000061035156,87087800,0.07190137713179368,0.6648993946852652,0.0
2022-09-19,309.07000732421875,309.8399963378906,297.79998779296875,60231200,0.07190137713179368,0.6648993946852652,0.0
2022-09-20,308.7300109863281,313.3299865722656,305.5799865722656,61642800,0.07190137713179368,0.6648993946852652,0.0
2022-09-21,300.79998779296875,313.79998779296875,300.6300048828125,62555700,0.07190137713179368,0.6648993946852652,0.0
2022-09-22,288.5899963378906,301.2900085449219,285.82000732421875,70545400,0.07190137713179368,0.6648993946852652,0.0
2022-09-23,275.3299865722656,284.5,272.82000732421875,63748400,0.07190137713179368,0.6648993946852652,0.0
2022-09-26,276.010009765625,284.0899963378906,270.30999755859375,58076900,0.07190137713179368,0.6648993946852652,0.0
2022-09-27,282.94000244140625,288.6700134277344,277.510009765625,61925200,0.07190137713179368,0.6648993946852652,0.0
2022-09-28,287.80999755859375,289.0,277.57000732421875,54664800,0.07190137713179368,0.6648993946852652,0.0
2022-09-29,268.2099914550781,283.6499938964844,265.7799987792969,77620600,0.07190137713179368,0.6648993946852652,0.0
2022-09-30,265.25,275.57000732421875,262.4700012207031,67726600,0.07190137713179368,0.6648993946852652,0.0
2022-10-03,242.39999389648438,255.16000366210938,241.00999450683594,98363500,0.07190137713179368,0.6648993946852652,0.0
2022-10-04,249.44000244140625,257.5,242.00999450683594,109578500,0.07190137713179368,0.6648993946852652,0.0
2022-10-05,240.80999755859375,246.6699981689453,233.27000427246094,86982700,0.07190137713179368,0.6648993946852652,0.0
2022-10-06,238.1300048828125,244.5800018310547,235.35000610351562,69298400,0.07190137713179368,0.6648993946852652,0.0
2022-10-07,223.07000732421875,234.57000732421875,222.02000427246094,83916800,0.07190137713179368,0.6648993946852652,0.0
2022-10-10,222.9600067138672,226.99000549316406,218.36000061035156,67925000,0.07190137713179368,0.6648993946852652,0.0
2022-10-11,216.5,225.75,215.0,77013200,0.07190137713179368,0.6648993946852652,0.0
2022-10-12,217.24000549316406,219.3000030517578,211.50999450683594,66860700,0.07190137713179368,0.6648993946852652,0.0
2022-10-13,221.72000122070312,222.99000549316406,206.22000122070312,91483000,0.07190137713179368,0.6648993946852652,0.0
2022-10-14,204.99000549316406,226.25999450683594,204.16000366210938,94124500,0.07190137713179368,0.6648993946852652,0.0
2022-10-17,219.35000610351562,221.86000061035156,209.4499969482422,79428800,0.07190137713179368,0.6648993946852652,0.0
2022-10-18,220.19000244140625,229.82000732421875,217.25,75891900,0.07190137713179368,0.6648993946852652,0.0
2022-10-19,222.0399932861328,222.92999267578125,217.77999877929688,66571500,0.07190137713179368,0.6648993946852652,0.0
2022-10-20,207.27999877929688,215.5500030517578,202.0,117798100,0.07190137713179368,0.6648993946852652,0.0
2022-10-21,214.44000244140625,214.66000366210938,203.8000030517578,75713800,0.07190137713179368,0.6648993946852652,0.0
2022-10-24,211.25,213.5,198.58999633789062,100446800,0.07190137713179368,0.6648993946852652,0.0
2022-10-25,222.4199981689453,224.35000610351562,210.0,96507900,0.07190137713179368,0.6648993946852652,0.0
2022-10-26,224.63999938964844,230.60000610351562,218.1999969482422,85012500,0.07190137713179368,0.6648993946852652,0.0
2022-10-27,225.08999633789062,233.80999755859375,222.85000610351562,61638800,0.07190137713179368,0.6648993946852652,0.0
2022-10-28,228.52000427246094,228.86000061035156,216.35000610351562,69152400,0.07190137713179368,0.6648993946852652,0.0
2022-10-31,227.5399932861328,229.85000610351562,221.94000244140625,61554300,0.07190137713179368,0.6648993946852652,0.0
2022-11-01,227.82000732421875,237.39999389648438,227.27999877929688,62688800,0.07190137713179368,0.6648993946852652,0.0
2022-11-02,214.97999572753906,227.8699951171875,214.82000732421875,63070300,0.07190137713179368,0.6648993946852652,0.0
2022-11-03,215.30999755859375,221.1999969482422,210.13999938964844,56538800,0.07190137713179368,0.6648993946852652,0.0
2022-11-04,207.47000122070312,223.8000030517578,203.0800018310547,98622200,0.07190137713179368,0.6648993946852652,0.0
2022-11-07,197.0800018310547,208.89999389648438,196.66000366210938,93916500,0.07190137713179368,0.6648993946852652,0.0
2022-11-08,191.3000030517578,195.1999969482422,186.75,128803400,0.07190137713179368,0.6648993946852652,0.0
2022-11-09,177.58999633789062,195.88999938964844,177.1199951171875,127062700,0.07190137713179368,0.6648993946852652,0.0
2022-11-10,190.72000122070312,191.0,180.02999877929688,132703000,0.07190137713179368,0.6648993946852652,0.0
2022-11-11,195.97000122070312,196.52000427246094,182.58999633789062,114403600,0.07190137713179368,0.6648993946852652,0.0
2022-11-14,190.9499969482422,195.72999572753906,186.33999633789062,92226600,0.07190137713179368,0.6648993946852652,0.0
2022-11-15,194.4199981689453,200.82000732421875,192.05999755859375,91293800,0.07190137713179368,0.6648993946852652,0.0
2022-11-16,186.9199981689453,192.57000732421875,185.66000366210938,66567600,0.07190137713179368,0.6648993946852652,0.0
2022-11-17,183.1699981689453,186.16000366210938,180.89999389648438,64336000,0.07190137713179368,0.6648993946852652,0.0
2022-11-18,180.19000244140625,185.19000244140625,176.5500030517578,76048900,0.07190137713179368,0.6648993946852652,0.0
2022-11-21,167.8699951171875,176.77000427246094,167.5399932861328,92882700,0.07190137713179368,0.6648993946852652,0.0
2022-11-22,169.91000366210938,170.9199981689453,166.19000244140625,78452300,0.07190137713179368,0.6648993946852652,0.0
2022-11-23,183.1999969482422,183.6199951171875,172.5,109536700,0.07190137713179368,0.6648993946852652,0.0
2022-11-25,182.86000061035156,185.1999969482422,180.6300048828125,50672700,0.07190137713179368,0.6648993946852652,0.0
2022-11-28,182.9199981689453,188.5,179.0,92905200,0.07190137713179368,0.6648993946852652,0.0
2022-11-29,180.8300018310547,186.3800048828125,178.75,83357100,0.07190137713179368,0.6648993946852652,0.0
2022-11-30,194.6999969482422,194.75999450683594,180.6300048828125,109186400,0.07190137713179368,0.6648993946852652,0.0
2022-12-01,194.6999969482422,198.9199981689453,191.8000030517578,80046200,0.07190137713179368,0.6648993946852652,0.0
2022-12-02,194.86000061035156,196.25,191.11000061035156,73645900,0.07190137713179368,0.6648993946852652,0.0
2022-12-05,182.4499969482422,191.27000427246094,180.5500030517578,93122700,0.07190137713179368,0.6648993946852652,0.0
2022-12-06,179.82000732421875,183.64999389648438,175.3300018310547,92150800,0.07190137713179368,0.6648993946852652,0.0
2022-12-07,174.0399932861328,179.3800048828125,172.22000122070312,84213300,0.07190137713179368,0.6648993946852652,0.0
2022-12-08,173.44000244140625,175.1999969482422,169.05999755859375,97624500,0.07190137713179368,0.6648993946852652,0.0
2022-12-09,179.0500030517578,182.5,173.36000061035156,104872300,0.07190137713179368,0.6648993946852652,0.0
2022-12-12,167.82000732421875,177.3699951171875,167.52000427246094,109794500,0.07190137713179368,0.6648993946852652,0.0
2022-12-13,160.9499969482422,175.0500030517578,156.91000366210938,175862700,0.07190137713179368,0.6648993946852652,0.0
2022-12-14,156.8000030517578,161.6199951171875,155.30999755859375,140682300,0.07190137713179368,0.6648993946852652,0.0
2022-12-15,157.6699981689453,160.92999267578125,153.27999877929688,122334500,0.07190137713179368,0.6648993946852652,0.0
2022-12-16,150.22999572753906,160.99000549316406,150.0399932861328,139032200,0.07190137713179368,0.6648993946852652,0.0
2022-12-19,149.8699951171875,155.25,145.82000732421875,139390600,0.07190137713179368,0.6648993946852652,0.0
2022-12-20,137.8000030517578,148.47000122070312,137.66000366210938,159563300,0.07190137713179368,0.6648993946852652,0.0
2022-12-21,137.57000732421875,141.25999450683594,135.88999938964844,145417400,0.07190137713179368,0.6648993946852652,0.0
2022-12-22,125.3499984741211,136.6300048828125,122.26000213623047,210090300,0.07190137713179368,0.6648993946852652,0.0
2022-12-23,123.1500015258789,128.6199951171875,121.0199966430664,166989700,0.07190137713179368,0.6648993946852652,0.0
2022-12-27,109.0999984741211,119.66999816894531,108.76000213623047,208643400,0.07190137713179368,0.6648993946852652,0.0
2022-12-28,112.70999908447266,116.2699966430664,108.23999786376953,221070500,0.07190137713179368,0.6648993946852652,0.0
2022-12-29,121.81999969482422,123.56999969482422,117.5,221923300,0.07190137713179368,0.6648993946852652,0.0
2022-12-30,123.18000030517578,124.4800033569336,119.75,157777300,0.07190137713179368,0.6648993946852652,0.0
